/* Generated from approved native preview; mask then 4 planes. */
#ifndef STORMRAIL_HARRIER_DEATH_ART_H
#define STORMRAIL_HARRIER_DEATH_ART_H
#define STORM_DEATH_FRAMES 13
#define STORM_DEATH_W 112
#define STORM_DEATH_H 64
#define STORM_DEATH_WORDS 8
#define STORM_DEATH_FRAME_WORDS (5*STORM_DEATH_H*STORM_DEATH_WORDS)
static const unsigned short stormHarrierDeathPlanar[STORM_DEATH_FRAMES*STORM_DEATH_FRAME_WORDS]={
 0x0000,0x0000,0x0000,0x0000,0x0000,0x0000,0x0000,0x0000,0x0000,0x0000,0x0000,0x0000,
 0x0000,0x0000,0x0000,0x0000,0x0000,0x0000,0x0000,0x0000,0x0000,0x0000,0x0000,0x0000,
 0x0000,0x0000,0x0000,0x0000,0x0000,0x0000,0x0000,0x0000,0x0000,0x0000,0x0000,0x0000,
 0x0000,0x0000,0x0000,0x0000,0x0000,0x0000,0x0000,0x0000,0x0000,0x0000,0x0000,0x0000,
 0x0000,0x0000,0x0000,0x0000,0x0000,0x0000,0x0000,0x0000,0x0000,0x0000,0x0000,0x0000,
 0x0000,0x0000,0x0000,0x0000,0x0000,0x0000,0x0000,0x0000,0x0000,0x0000,0x0000,0x0000,
 0x0000,0x0000,0x0000,0x0000,0x0000,0x0000,0x0000,0x0000,0x0000,0x0000,0x0000,0x0000,
 0x0000,0x07c0,0x0000,0x0000,0x0000,0x0000,0x0000,0x0000,0x0000,0xffc0,0x0000,0x0000,
 0x0000,0x0000,0x0000,0x0000,0x0007,0xff80,0x0000,0x0000,0x0000,0x0000,0x0000,0x0000,
 0x003f,0xff00,0x0000,0x0000,0x0000,0x0000,0x0000,0x0000,0x007f,0xfc00,0x0000,0x0000,
 0x0000,0x0000,0x0000,0x0000,0xffff,0xf800,0x0000,0x0000,0x0000,0x0000,0x0000,0x0007,
 0xffff,0xf000,0x0000,0x0000,0x0000,0x0000,0x0000,0x000f,0xffff,0xf000,0x0000,0x0000,
 0x0000,0x0000,0x0000,0x003f,0xffff,0xe000,0x0000,0x0000,0x0000,0x0000,0x0000,0x007f,
 0xffff,0xc000,0x0000,0x0000,0x0000,0x0000,0x0070,0x03ff,0xffff,0x8000,0x0000,0x0000,
 0x0000,0x0000,0x00f8,0x1fff,0xffff,0x0000,0x0000,0x0000,0x0000,0x0000,0x00f8,0x7fff,
 0xffff,0xfc00,0x0000,0x0000,0x0000,0x0000,0x00f8,0xffff,0xffff,0xf800,0x0000,0x0000,
 0x0000,0x0000,0x0071,0xffff,0xffff,0xf000,0x0000,0x0000,0x0000,0x0000,0x003f,0xffff,
 0xffff,0xc000,0x0000,0x0000,0x0000,0x0000,0x00ff,0xffff,0xffff,0xc000,0x0000,0x0000,
 0x0000,0x0000,0x01ff,0xffff,0xffff,0xe000,0x0000,0x0000,0x0000,0x0000,0x07ff,0xffff,
 0xffff,0xff80,0x0000,0x0000,0x0000,0x0000,0x0fff,0xffff,0xffff,0xffc0,0x0000,0x0000,
 0x0000,0x0000,0x1fff,0xffff,0xffff,0xff80,0x0000,0x0000,0x0000,0x0000,0xffff,0xffff,
 0xffff,0xffc0,0x0000,0x0000,0x0000,0x0003,0xffff,0xffff,0xffff,0xffc0,0x0000,0x0000,
 0x0000,0x0007,0xffff,0xffff,0xffff,0xffc0,0x0000,0x0000,0x0000,0x000f,0xffff,0xffff,
 0xffff,0xffc0,0x0000,0x0000,0x0000,0x001f,0xffff,0xffff,0xffff,0xffc0,0x0000,0x0000,
 0x0000,0x001f,0xffff,0xffff,0xffff,0xffc0,0x0000,0x0000,0x0000,0x0010,0x7fff,0xffff,
 0xffff,0xffc0,0x0000,0x0000,0x0000,0x0000,0x041f,0xffff,0xffff,0xffc0,0x0000,0x0000,
 0x0000,0x0000,0x0003,0xffff,0xffff,0xff80,0x0000,0x0000,0x0000,0x0000,0x0001,0xffff,
 0xffff,0xfc00,0x0000,0x0000,0x0000,0x0000,0x0000,0x7fff,0xffff,0xc000,0x0000,0x0000,
 0x0000,0x0000,0x0000,0x3fff,0xffff,0xf000,0x0000,0x0000,0x0000,0x0000,0x0000,0x3fff,
 0xfff1,0xf800,0x0000,0x0000,0x0000,0x0000,0x0000,0x7fff,0xffe0,0x0000,0x0000,0x0000,
 0x0000,0x0000,0x0000,0xffff,0xff80,0x0000,0x0000,0x0000,0x0000,0x0000,0x0001,0xffff,
 0xff00,0x0000,0x0000,0x0000,0x0000,0x0000,0x0003,0xffff,0xfe00,0x0000,0x0000,0x0000,
 0x0000,0x0000,0x0007,0xffff,0xf800,0x0000,0x0000,0x0000,0x0000,0x0000,0x0003,0xffff,
 0xc000,0x0000,0x0000,0x0000,0x0000,0x0000,0x0007,0xfffe,0x0000,0x0000,0x0000,0x0000,
 0x0000,0x0000,0x000f,0xfff8,0x0000,0x0000,0x0000,0x0000,0x0000,0x0000,0x003f,0xff80,
 0x0000,0x0000,0x0000,0x0000,0x0000,0x0000,0x007f,0xf800,0x0000,0x0000,0x0000,0x0000,
 0x0000,0x0000,0x007e,0x0000,0x0000,0x0000,0x0000,0x0000,0x0000,0x0000,0x0000,0x0000,
 0x0000,0x0000,0x0000,0x0000,0x0000,0x0000,0x0000,0x0000,0x0000,0x0000,0x0000,0x0000,
 0x0000,0x0000,0x0000,0x0000,0x0000,0x0000,0x0000,0x0000,0x0000,0x0000,0x0000,0x0000,
 0x0000,0x0000,0x0000,0x0000,0x0000,0x0000,0x0000,0x0000,0x0000,0x0000,0x0000,0x0000,
 0x0000,0x0000,0x0000,0x0000,0x0000,0x0000,0x0000,0x0000,0x0000,0x0000,0x0000,0x0000,
 0x0000,0x0000,0x0000,0x0000,0x0000,0x0000,0x0000,0x0000,0x0000,0x0000,0x0000,0x0000,
 0x0000,0x0000,0x0000,0x0000,0x0000,0x0000,0x0000,0x0000,0x0000,0x0000,0x0000,0x0000,
 0x0000,0x0000,0x0000,0x0000,0x0000,0x0000,0x0000,0x0000,0x0000,0x0000,0x0000,0x0000,
 0x0000,0x0000,0x0000,0x0000,0x0000,0x0000,0x0000,0x0000,0x0000,0x0000,0x0000,0x0000,
 0x0000,0x0000,0x0000,0x0000,0x0000,0x0000,0x0000,0x0000,0x0000,0x0000,0x0000,0x0000,
 0x0000,0x0000,0x0000,0x0000,0x0000,0x0000,0x0000,0x0000,0x0000,0x0000,0x0000,0x0000,
 0x0000,0x0000,0x0000,0x0000,0x0000,0x0000,0x0000,0x0000,0x0000,0x0000,0x0000,0x0000,
 0x0000,0x0000,0x0000,0x0000,0x0000,0x0000,0x0000,0x0000,0x0000,0x0000,0x0000,0x0000,
 0x0000,0x0000,0x0000,0x0000,0x0000,0x0000,0x0000,0x0000,0x0000,0x0580,0x0000,0x0000,
 0x0000,0x0000,0x0000,0x0000,0x0000,0x1d40,0x0000,0x0000,0x0000,0x0000,0x0000,0x0000,
 0x0005,0x9800,0x0000,0x0000,0x0000,0x0000,0x0000,0x0000,0x0025,0x0600,0x0000,0x0000,
 0x0000,0x0000,0x0000,0x0000,0x0038,0xf800,0x0000,0x0000,0x0000,0x0000,0x0000,0x0000,
 0x0960,0xe000,0x0000,0x0000,0x0000,0x0000,0x0000,0x0005,0xbd1d,0x2000,0x0000,0x0000,
 0x0000,0x0000,0x0000,0x000d,0x8d3f,0xc000,0x0000,0x0000,0x0000,0x0000,0x0000,0x000c,
 0x637f,0x8000,0x0000,0x0000,0x0000,0x0000,0x0000,0x0013,0x1d7d,0x0000,0x0000,0x0000,
 0x0000,0x0000,0x0000,0x02d3,0x0fc8,0x0000,0x0000,0x0000,0x0000,0x0000,0x0000,0x0fce,
 0xf608,0x0000,0x0000,0x0000,0x0000,0x0000,0x0000,0x3ed4,0xfe0c,0x0400,0x0000,0x0000,
 0x0000,0x0000,0x0000,0xfcf3,0xc9ff,0x0000,0x0000,0x0000,0x0000,0x0000,0x0000,0xf479,
 0x0100,0x8000,0x0000,0x0000,0x0000,0x0000,0x0020,0x9d20,0x00fd,0x8000,0x0000,0x0000,
 0x0000,0x0000,0x00c5,0x2000,0x7fe7,0x0000,0x0000,0x0000,0x0000,0x0000,0x0150,0x5073,
 0xff71,0x0000,0x0000,0x0000,0x0000,0x0000,0x0000,0x9918,0x7bf3,0xf000,0x0000,0x0000,
 0x0000,0x0000,0x0847,0xff9f,0x3ffc,0x6840,0x0000,0x0000,0x0000,0x0000,0x0c6a,0x7fce,
 0x01be,0x0f00,0x0000,0x0000,0x0000,0x0000,0x78fc,0xfc7c,0x3897,0x1b80,0x0000,0x0000,
 0x0000,0x0001,0xff7e,0x7ff8,0x270f,0x7300,0x0000,0x0000,0x0000,0x0003,0xc86b,0xfff3,
 0xf982,0xf300,0x0000,0x0000,0x0000,0x0001,0x8f3b,0xffff,0x298f,0x3300,0x0000,0x0000,
 0x0000,0x000b,0xc0df,0xfff7,0x299f,0xfb00,0x0000,0x0000,0x0000,0x0018,0x7e35,0x8017,
 0x1980,0xfb80,0x0000,0x0000,0x0000,0x0000,0x0007,0x73fe,0x03fe,0xc300,0x0000,0x0000,
 0x0000,0x0000,0x0001,0xdcc2,0x17e8,0xc080,0x0000,0x0000,0x0000,0x0000,0x0000,0x7611,
 0xfcf0,0x8780,0x0000,0x0000,0x0000,0x0000,0x0000,0x0ff0,0x08fb,0xc000,0x0000,0x0000,
 0x0000,0x0000,0x0000,0x0b10,0x0fdf,0x8000,0x0000,0x0000,0x0000,0x0000,0x0000,0x0177,
 0xdff0,0x0000,0x0000,0x0000,0x0000,0x0000,0x0000,0x032f,0xce10,0x0000,0x0000,0x0000,
 0x0000,0x0000,0x0000,0x6cff,0x3600,0x0000,0x0000,0x0000,0x0000,0x0000,0x0000,0xe77c,
 0xdc00,0x0000,0x0000,0x0000,0x0000,0x0000,0x0000,0x3740,0x6600,0x0000,0x0000,0x0000,
 0x0000,0x0000,0x0000,0x1a0d,0xb000,0x0000,0x0000,0x0000,0x0000,0x0000,0x0005,0x1806,
 0xc000,0x0000,0x0000,0x0000,0x0000,0x0000,0x0000,0x6ff2,0x0000,0x0000,0x0000,0x0000,
 0x0000,0x0000,0x0007,0xbe20,0x0000,0x0000,0x0000,0x0000,0x0000,0x0000,0x0006,0x80c0,
 0x0000,0x0000,0x0000,0x0000,0x0000,0x0000,0x003c,0x7800,0x0000,0x0000,0x0000,0x0000,
 0x0000,0x0000,0x0027,0x0000,0x0000,0x0000,0x0000,0x0000,0x0000,0x0000,0x0050,0x0000,
 0x0000,0x0000,0x0000,0x0000,0x0000,0x0000,0x0000,0x0000,0x0000,0x0000,0x0000,0x0000,
 0x0000,0x0000,0x0000,0x0000,0x0000,0x0000,0x0000,0x0000,0x0000,0x0000,0x0000,0x0000,
 0x0000,0x0000,0x0000,0x0000,0x0000,0x0000,0x0000,0x0000,0x0000,0x0000,0x0000,0x0000,
 0x0000,0x0000,0x0000,0x0000,0x0000,0x0000,0x0000,0x0000,0x0000,0x0000,0x0000,0x0000,
 0x0000,0x0000,0x0000,0x0000,0x0000,0x0000,0x0000,0x0000,0x0000,0x0000,0x0000,0x0000,
 0x0000,0x0000,0x0000,0x0000,0x0000,0x0000,0x0000,0x0000,0x0000,0x0000,0x0000,0x0000,
 0x0000,0x0000,0x0000,0x0000,0x0000,0x0000,0x0000,0x0000,0x0000,0x0000,0x0000,0x0000,
 0x0000,0x0000,0x0000,0x0000,0x0000,0x0000,0x0000,0x0000,0x0000,0x0000,0x0000,0x0000,
 0x0000,0x0000,0x0000,0x0000,0x0000,0x0000,0x0000,0x0000,0x0000,0x0000,0x0000,0x0000,
 0x0000,0x0000,0x0000,0x0000,0x0000,0x0000,0x0000,0x0000,0x0000,0x0000,0x0000,0x0000,
 0x0000,0x0000,0x0000,0x0000,0x0000,0x0000,0x0000,0x0000,0x0000,0x0000,0x0000,0x0000,
 0x0000,0x0000,0x0000,0x0000,0x0000,0x0000,0x0000,0x0000,0x0000,0x0000,0x0000,0x0000,
 0x0000,0x0000,0x0000,0x0000,0x0000,0x0000,0x0000,0x0000,0x0000,0x0000,0x0000,0x0000,
 0x0000,0x0000,0x0000,0x0000,0x0000,0x03c0,0x0000,0x0000,0x0000,0x0000,0x0000,0x0000,
 0x0000,0xfe80,0x0000,0x0000,0x0000,0x0000,0x0000,0x0000,0x0003,0xe000,0x0000,0x0000,
 0x0000,0x0000,0x0000,0x0000,0x001e,0x0000,0x0000,0x0000,0x0000,0x0000,0x0000,0x0000,
 0x0070,0x0000,0x0000,0x0000,0x0000,0x0000,0x0000,0x0000,0xf020,0x0000,0x0000,0x0000,
 0x0000,0x0000,0x0000,0x0003,0xc260,0x0000,0x0000,0x0000,0x0000,0x0000,0x0000,0x0002,
 0x70c0,0x0000,0x0000,0x0000,0x0000,0x0000,0x0000,0x0003,0x8180,0x0000,0x0000,0x0000,
 0x0000,0x0000,0x0000,0x007c,0x0300,0x0000,0x0000,0x0000,0x0000,0x0000,0x0070,0x01e0,
 0x3000,0x0000,0x0000,0x0000,0x0000,0x0000,0x0088,0x1e00,0x0000,0x0000,0x0000,0x0000,
 0x0000,0x0000,0x0088,0x7800,0x0000,0x7800,0x0000,0x0000,0x0000,0x0000,0x0088,0xe000,
 0x3000,0xf800,0x0000,0x0000,0x0000,0x0000,0x0070,0x0386,0x60ff,0x0000,0x0000,0x0000,
 0x0000,0x0000,0x001f,0x061c,0xff00,0x0000,0x0000,0x0000,0x0000,0x0000,0x007a,0x043f,
 0x8000,0x0000,0x0000,0x0000,0x0000,0x0000,0x00e0,0x0f8c,0x0000,0x0000,0x0000,0x0000,
 0x0000,0x0000,0x03c0,0x1e07,0x8000,0x0f80,0x0000,0x0000,0x0000,0x0000,0x0700,0x30c0,
 0x0007,0x0780,0x0000,0x0000,0x0000,0x0000,0x1000,0xe030,0x0001,0x0000,0x0000,0x0000,
 0x0000,0x0000,0xc003,0xc380,0x0078,0x8300,0x0000,0x0000,0x0000,0x0003,0xc01d,0x8000,
 0x03e0,0x8300,0x0000,0x0000,0x0000,0x0007,0x3f30,0x0000,0x0600,0x0380,0x0000,0x0000,
 0x0000,0x000e,0x7064,0x0000,0x8605,0xc380,0x0000,0x0000,0x0000,0x001c,0x0000,0x0000,
 0x8615,0x0380,0x0000,0x0000,0x0000,0x0010,0x0000,0x0000,0x0615,0x0300,0x0000,0x0000,
 0x0000,0x0000,0x0000,0x0000,0x0000,0x0300,0x0000,0x0000,0x0000,0x0000,0x0000,0x0000,
 0x0000,0x0000,0x0000,0x0000,0x0000,0x0000,0x0000,0x000e,0x0000,0x0000,0x0000,0x0000,
 0x0000,0x0000,0x0000,0x0028,0x0000,0x0000,0x0000,0x0000,0x0000,0x0000,0x0000,0x00cf,
 0xe000,0x0000,0x0000,0x0000,0x0000,0x0000,0x0000,0x0e18,0x2000,0x0000,0x0000,0x0000,
 0x0000,0x0000,0x0000,0x0470,0x0000,0x0000,0x0000,0x0000,0x0000,0x0000,0x0000,0x00c0,
 0x0000,0x0000,0x0000,0x0000,0x0000,0x0000,0x0000,0x0980,0x0000,0x0000,0x0000,0x0000,
 0x0000,0x0000,0x0001,0x9000,0x0000,0x0000,0x0000,0x0000,0x0000,0x0000,0x0003,0x2c00,
 0x0000,0x0000,0x0000,0x0000,0x0000,0x0000,0x0002,0x3ff0,0x0000,0x0000,0x0000,0x0000,
 0x0000,0x0000,0x0000,0xf000,0x0000,0x0000,0x0000,0x0000,0x0000,0x0000,0x0003,0xc000,
 0x0000,0x0000,0x0000,0x0000,0x0000,0x0000,0x000f,0x0000,0x0000,0x0000,0x0000,0x0000,
 0x0000,0x0000,0x0018,0x0000,0x0000,0x0000,0x0000,0x0000,0x0000,0x0000,0x0070,0x0000,
 0x0000,0x0000,0x0000,0x0000,0x0000,0x0000,0x0000,0x0000,0x0000,0x0000,0x0000,0x0000,
 0x0000,0x0000,0x0000,0x0000,0x0000,0x0000,0x0000,0x0000,0x0000,0x0000,0x0000,0x0000,
 0x0000,0x0000,0x0000,0x0000,0x0000,0x0000,0x0000,0x0000,0x0000,0x0000,0x0000,0x0000,
 0x0000,0x0000,0x0000,0x0000,0x0000,0x0000,0x0000,0x0000,0x0000,0x0000,0x0000,0x0000,
 0x0000,0x0000,0x0000,0x0000,0x0000,0x0000,0x0000,0x0000,0x0000,0x0000,0x0000,0x0000,
 0x0000,0x0000,0x0000,0x0000,0x0000,0x0000,0x0000,0x0000,0x0000,0x0000,0x0000,0x0000,
 0x0000,0x0000,0x0000,0x0000,0x0000,0x0000,0x0000,0x0000,0x0000,0x0000,0x0000,0x0000,
 0x0000,0x0000,0x0000,0x0000,0x0000,0x0000,0x0000,0x0000,0x0000,0x0000,0x0000,0x0000,
 0x0000,0x0000,0x0000,0x0000,0x0000,0x0000,0x0000,0x0000,0x0000,0x0000,0x0000,0x0000,
 0x0000,0x0000,0x0000,0x0000,0x0000,0x0000,0x0000,0x0000,0x0000,0x0000,0x0000,0x0000,
 0x0000,0x0000,0x0000,0x0000,0x0000,0x0000,0x0000,0x0000,0x0000,0x0000,0x0000,0x0000,
 0x0000,0x0000,0x0000,0x0000,0x0000,0x0000,0x0000,0x0000,0x0000,0x0000,0x0000,0x0000,
 0x0000,0x0000,0x0000,0x0000,0x0000,0x0000,0x0000,0x0000,0x0000,0x0000,0x0000,0x0000,
 0x0000,0x0000,0x0000,0x0000,0x0000,0x0000,0x0000,0x0000,0x0000,0x0000,0x0000,0x0000,
 0x0000,0x0000,0x0000,0x0000,0x0000,0x0000,0x0000,0x0000,0x0000,0x0000,0x0000,0x0000,
 0x0000,0x0000,0x0000,0x0000,0x0000,0x0000,0x0000,0x0000,0x0000,0x0000,0x0000,0x0000,
 0x0000,0x0000,0x0000,0x0000,0x0000,0x0000,0x0000,0x0000,0x0000,0x0000,0x0000,0x0000,
 0x0000,0x0000,0x0000,0x0000,0x0000,0x0000,0x0000,0x0000,0x0000,0x0000,0x0000,0x0000,
 0x0000,0x0000,0x0000,0x0000,0x0000,0x0000,0x0000,0x0000,0x0000,0x0000,0x0000,0x0000,
 0x0000,0x0000,0x0000,0x0000,0x0000,0x0000,0x0000,0x0000,0x0000,0x0000,0x0000,0x0000,
 0x0000,0x0000,0x0000,0x0000,0x0000,0x0000,0x0000,0x0000,0x0000,0x0000,0x0000,0x0000,
 0x0000,0x0000,0x0070,0x0000,0x0000,0x0000,0x0000,0x0000,0x0000,0x0000,0x0070,0x0000,
 0x0000,0x0000,0x0000,0x0000,0x0000,0x0000,0x0070,0x0000,0x0000,0x0000,0x0000,0x0000,
 0x0000,0x0000,0x0000,0x0000,0x0000,0x0000,0x0000,0x0000,0x0000,0x0000,0x0001,0xe000,
 0x0000,0x0000,0x0000,0x0000,0x0000,0x0000,0x00bf,0xe000,0x0000,0x0000,0x0000,0x0000,
 0x0000,0x0000,0x01bf,0x8000,0x0000,0x0000,0x0000,0x0000,0x0000,0x0000,0x05ff,0x0000,
 0x0000,0x0000,0x0000,0x0000,0x0000,0x0000,0x0ffe,0x0000,0x0000,0x0000,0x0000,0x0000,
 0x0000,0x0000,0x0ff0,0x0000,0x0000,0x0000,0x0000,0x0000,0x0000,0x0000,0x0f00,0x0000,
 0x0000,0x0000,0x0000,0x0000,0x0000,0x0000,0x0000,0x0000,0x0000,0x0000,0x0000,0x0000,
 0x0000,0x0000,0x0000,0x0000,0x0000,0x0000,0x0000,0x0000,0x0000,0x0008,0x0000,0x0000,
 0xc010,0x0000,0x0000,0x0000,0x0000,0x0000,0x0000,0x0000,0xc000,0x0000,0x0000,0x0000,
 0x0000,0x0000,0x0000,0x0000,0x0000,0x0000,0x0000,0x0000,0x0000,0x0000,0x0000,0x0000,
 0x0000,0x0000,0x0000,0x0000,0x0000,0x0000,0x0000,0x0000,0x0000,0x0000,0x0000,0x0000,
 0x0000,0x0000,0x0000,0x0000,0x0000,0x0000,0x0000,0x0000,0x0000,0x0000,0x0001,0x0000,
 0x0000,0x0000,0x0000,0x0000,0x0000,0x0000,0x0000,0x0000,0x0000,0x0000,0x0000,0x0000,
 0x0000,0x0000,0x0000,0x0000,0x0000,0x0000,0x0000,0x0000,0x0000,0x0000,0x0000,0x0000,
 0x0000,0x0000,0x0000,0x0000,0x0000,0x0000,0x0000,0x0000,0x0000,0x0000,0x0000,0x0000,
 0x0000,0x0000,0x0000,0x0000,0x0000,0x0000,0x0000,0x0000,0x0000,0x0000,0x0000,0x0000,
 0x0000,0x0000,0x0000,0x0000,0x0000,0x0000,0x0000,0x0000,0x0000,0x0000,0x0000,0x0000,
 0x0000,0x0000,0x0000,0x0000,0x0000,0x0000,0x0000,0x0000,0x0000,0x0000,0x0000,0x0000,
 0x0000,0x0000,0x0000,0x0000,0x0000,0x0000,0x0000,0x0000,0x0000,0x0000,0x0000,0x0000,
 0x0000,0x0000,0x0000,0x0000,0x0000,0x0000,0x0000,0x0000,0x0000,0x0000,0x0000,0x0000,
 0x0000,0x0000,0x0000,0x0000,0x0000,0x0000,0x0000,0x0000,0x0000,0x0000,0x0000,0x0000,
 0x0000,0x0000,0x0000,0x0000,0x0000,0x0000,0x0000,0x0000,0x0000,0x0000,0x0000,0x0000,
 0x0000,0x0000,0x0000,0x0000,0x0000,0x0000,0x0000,0x0000,0x0000,0x0000,0x0000,0x0000,
 0x0000,0x0000,0x0000,0x0000,0x0000,0x0000,0x0000,0x0000,0x0000,0x0000,0x0000,0x0000,
 0x0000,0x0000,0x0000,0x0000,0x0000,0x0000,0x0000,0x0000,0x0000,0x0000,0x0000,0x0000,
 0x0000,0x0000,0x0000,0x0000,0x0000,0x0000,0x0000,0x0000,0x0000,0x0000,0x0000,0x0000,
 0x0000,0x0000,0x0000,0x0000,0x0000,0x0000,0x0000,0x0000,0x0000,0x0000,0x0000,0x0000,
 0x0000,0x0000,0x0000,0x0000,0x0000,0x0000,0x0000,0x0000,0x0000,0x0000,0x0000,0x0000,
 0x0000,0x0000,0x0000,0x0000,0x0000,0x0000,0x0000,0x0000,0x0000,0x0000,0x0000,0x0000,
 0x0000,0x0000,0x0000,0x0000,0x0000,0x0000,0x0000,0x0000,0x0000,0x0000,0x0000,0x0000,
 0x0000,0x0000,0x0000,0x0000,0x0000,0x0000,0x0000,0x0000,0x0000,0x0000,0x0000,0x0000,
 0x0000,0x0000,0x0000,0x0000,0x0000,0x0000,0x0000,0x0000,0x0000,0x0000,0x0000,0x0000,
 0x0000,0x0000,0x0000,0x0000,0x0000,0x0000,0x0000,0x0000,0x0000,0x0000,0x0000,0x0000,
 0x0000,0x0000,0x0000,0x0000,0x0000,0x0000,0x0000,0x0000,0x0000,0x0000,0x0000,0x0000,
 0x0000,0x0000,0x0000,0x0000,0x0000,0x0000,0x0000,0x0000,0x0000,0x07c0,0x0000,0x0000,
 0x0000,0x0000,0x0000,0x0000,0x0000,0xffc0,0x0000,0x0000,0x0000,0x0000,0x0000,0x0000,
 0x0007,0xff80,0x0000,0x0000,0x0000,0x0000,0x0000,0x0000,0x003f,0xff00,0x0000,0x0000,
 0x0000,0x0000,0x0000,0x0000,0x007f,0xfc00,0x0000,0x0000,0x0000,0x0000,0x0000,0x0000,
 0xffff,0xf800,0x0000,0x0000,0x0000,0x0000,0x0000,0x0007,0xffff,0xd000,0x0000,0x0000,
 0x0000,0x0000,0x0000,0x000f,0xfeff,0x3000,0x0000,0x0000,0x0000,0x0000,0x0000,0x003f,
 0xfdfe,0x6000,0x0000,0x0000,0x0000,0x0000,0x0000,0x007f,0xfbfe,0xc000,0x0000,0x0000,
 0x0000,0x0000,0x0000,0x03ff,0xffff,0x8000,0x0000,0x0000,0x0000,0x0000,0x0000,0x1fff,
 0xefff,0x0000,0x0000,0x0000,0x0000,0x0000,0x0000,0x7fff,0xdff3,0xfc00,0x0000,0x0000,
 0x0000,0x0000,0x0000,0xffff,0xffff,0xf800,0x0000,0x0000,0x0000,0x0000,0x0001,0x8fff,
 0xffff,0xf000,0x0000,0x0000,0x0000,0x0000,0x003f,0xf7ff,0xfffe,0x4000,0x0000,0x0000,
 0x0000,0x0000,0x00ff,0xffff,0xfff8,0xc000,0x0000,0x0000,0x0000,0x0000,0x01ff,0xefdf,
 0xff8e,0xe000,0x0000,0x0000,0x0000,0x0000,0x07ff,0xffe7,0xfc0e,0xff80,0x0000,0x0000,
 0x0000,0x0000,0x0fff,0xff3f,0xc0ff,0xffc0,0x0000,0x0000,0x0000,0x0000,0x1ffd,0xffff,
 0xfedf,0xf080,0x0000,0x0000,0x0000,0x0000,0xffef,0xffff,0xffff,0xecc0,0x0000,0x0000,
 0x0000,0x0003,0xffff,0xffff,0xdfff,0xccc0,0x0000,0x0000,0x0000,0x0007,0xbfff,0xffff,
 0xe7fd,0xcc40,0x0000,0x0000,0x0000,0x0007,0xffff,0xffe3,0xf7ea,0x4c40,0x0000,0x0000,
 0x0000,0x001f,0xff3f,0x000b,0xf7ea,0xcc40,0x0000,0x0000,0x0000,0x001f,0x81cb,0xffeb,
 0xe7ea,0xccc0,0x0000,0x0000,0x0000,0x0010,0x7ff8,0xfff1,0xffff,0xbcc0,0x0000,0x0000,
 0x0000,0x0000,0x041e,0x3fff,0xf81f,0x3fc0,0x0000,0x0000,0x0000,0x0000,0x0003,0x8fff,
 0xfb0f,0x7f80,0x0000,0x0000,0x0000,0x0000,0x0001,0xf1ff,0xf704,0x3c00,0x0000,0x0000,
 0x0000,0x0000,0x0000,0x7fff,0xffe0,0x4000,0x0000,0x0000,0x0000,0x0000,0x0000,0x3fbf,
 0xffff,0xf000,0x0000,0x0000,0x0000,0x0000,0x0000,0x3fff,0xfff1,0xf800,0x0000,0x0000,
 0x0000,0x0000,0x0000,0x77ff,0xf9e0,0x0000,0x0000,0x0000,0x0000,0x0000,0x0000,0xf7ff,
 0xe380,0x0000,0x0000,0x0000,0x0000,0x0000,0x0001,0xefff,0x9f00,0x0000,0x0000,0x0000,
 0x0000,0x0000,0x0003,0xdffe,0x7e00,0x0000,0x0000,0x0000,0x0000,0x0000,0x0007,0xfff9,
 0xf800,0x0000,0x0000,0x0000,0x0000,0x0000,0x0003,0xffef,0xc000,0x0000,0x0000,0x0000,
 0x0000,0x0000,0x0007,0xfffe,0x0000,0x0000,0x0000,0x0000,0x0000,0x0000,0x000f,0xfff8,
 0x0000,0x0000,0x0000,0x0000,0x0000,0x0000,0x003f,0xff80,0x0000,0x0000,0x0000,0x0000,
 0x0000,0x0000,0x007f,0xf800,0x0000,0x0000,0x0000,0x0000,0x0000,0x0000,0x006e,0x0000,
 0x0000,0x0000,0x0000,0x0000,0x0000,0x0000,0x0000,0x0000,0x0000,0x0000,0x0000,0x0000,
 0x0000,0x0000,0x0000,0x0000,0x0000,0x0000,0x0000,0x0000,0x0000,0x0000,0x0000,0x0000,
 0x0000,0x0000,0x0000,0x0000,0x0000,0x0000,0x0000,0x0000,0x0000,0x0000,0x0000,0x0000,
 0x0000,0x0000,0x0000,0x0000,0x0000,0x0000,0x0000,0x0000,0x0000,0x0000,0x0000,0x0000,
 0x0000,0x0000,0x0000,0x0000,0x0000,0x0000,0x0000,0x0000,0x0000,0x0000,0x0000,0x0000,
 0x0000,0x0000,0x0000,0x0000,0x0000,0x0000,0x0000,0x0000,0x0000,0x0000,0x0000,0x0000,
 0x0000,0x0000,0x0000,0x0000,0x0000,0x0000,0x0000,0x0000,0x0000,0x0000,0x0000,0x0000,
 0x0000,0x0000,0x0000,0x0000,0x0000,0x0000,0x0000,0x0000,0x0000,0x0000,0x0000,0x0000,
 0x0000,0x0000,0x0000,0x0000,0x0000,0x0000,0x0000,0x0000,0x0000,0x0000,0x0000,0x0000,
 0x0000,0x0000,0x0000,0x0000,0x0000,0x0000,0x0000,0x0000,0x0000,0x0000,0x0000,0x0000,
 0x0000,0x0000,0x0000,0x0000,0x0000,0x0000,0x0000,0x0000,0x0000,0x0000,0x0000,0x0000,
 0x0000,0x0000,0x0000,0x0000,0x0000,0x0000,0x0000,0x0000,0x0000,0x0000,0x0000,0x0000,
 0x0000,0x0000,0x0000,0x0000,0x0000,0x0000,0x0000,0x0000,0x0000,0x0000,0x0000,0x0000,
 0x0000,0x0000,0x0000,0x0000,0x0000,0x07c0,0x0000,0x0000,0x0000,0x0000,0x0000,0x0000,
 0x0000,0xffc0,0x0000,0x0000,0x0000,0x0000,0x0000,0x0000,0x0007,0xff80,0x0000,0x0000,
 0x0000,0x0000,0x0000,0x0000,0x003f,0xff00,0x0000,0x0000,0x0000,0x0000,0x0000,0x0000,
 0x007f,0xfc00,0x0000,0x0000,0x0000,0x0000,0x0000,0x0000,0xffff,0xf800,0x0000,0x0000,
 0x0000,0x0000,0x0000,0x0007,0xffff,0xf000,0x0000,0x0000,0x0000,0x0000,0x0000,0x000f,
 0xffff,0xf000,0x0000,0x0000,0x0000,0x0000,0x0070,0x003f,0xffff,0xe000,0x0000,0x0000,
 0x0000,0x0000,0x01fc,0x007f,0xffff,0xc000,0x0000,0x0000,0x0000,0x0000,0x01fc,0x03ff,
 0xffff,0x8000,0x0000,0x0000,0x0000,0x0000,0x03fe,0x1fff,0xffff,0x0000,0x0000,0x0000,
 0x0000,0x0000,0x03fe,0x7fff,0xffff,0xfc00,0x0000,0x0000,0x0000,0x0000,0x03fe,0xffff,
 0xffff,0xf800,0x0000,0x0000,0x0000,0x0000,0x01fd,0xffff,0xffff,0xf000,0x0000,0x0000,
 0x0000,0x0000,0x01ff,0xffff,0xffff,0xc000,0x0000,0x0000,0x0000,0x0000,0x00ff,0xffff,
 0xffff,0xc000,0x0000,0x0000,0x0000,0x0000,0x01ff,0xffff,0xffff,0xe000,0x0000,0x0000,
 0x0000,0x0000,0x07ff,0xffff,0xffff,0xff80,0x0000,0x0000,0x0000,0x0000,0x0fff,0xffff,
 0xffff,0xffc0,0x0000,0x0000,0x0000,0x0000,0x1fff,0xffff,0xffff,0xff80,0x0000,0x0000,
 0x0000,0x0000,0xffff,0xffff,0xffff,0xffc0,0x0000,0x0000,0x0000,0x0003,0xffff,0xffff,
 0xffff,0xffc0,0x0000,0x0000,0x0000,0x0007,0xffff,0xffff,0xffff,0xffc0,0x0000,0x0000,
 0x0000,0x000f,0xffff,0xffff,0xffff,0xffc0,0x0000,0x0000,0x0000,0x001f,0xffff,0xffff,
 0xffff,0xffc0,0x0000,0x0000,0x0000,0x001f,0xffff,0xffff,0xffff,0xffc0,0x0000,0x0000,
 0x0000,0x0010,0x7fff,0xffff,0xffff,0xffc0,0x0000,0x0000,0x0000,0x0000,0x041f,0xffff,
 0xffff,0xffc0,0x0000,0x0000,0x0000,0x0000,0x0003,0xffff,0xffff,0xff80,0x0000,0x0000,
 0x0000,0x0000,0x0001,0xffff,0xffff,0xfc00,0x0000,0x0000,0x0000,0x0000,0x0000,0x7fff,
 0xffff,0xc000,0x0000,0x0000,0x0000,0x0000,0x0000,0x3fff,0xffff,0xf000,0x0000,0x0000,
 0x0000,0x0000,0x0000,0x3fff,0xfff1,0xf800,0x0000,0x0000,0x0000,0x0000,0x0000,0x7fff,
 0xffe0,0x0000,0x0000,0x0000,0x0000,0x0000,0x0000,0xffff,0xff80,0x0000,0x0000,0x0000,
 0x0000,0x0000,0x0001,0xffff,0xff00,0x0000,0x0000,0x0000,0x0000,0x0000,0x0003,0xffff,
 0xfe00,0x0000,0x0000,0x0000,0x0000,0x0000,0x0007,0xffff,0xf800,0x0000,0x0000,0x0000,
 0x0000,0x0000,0x0003,0xffff,0xc000,0x0000,0x0000,0x0000,0x0000,0x0000,0x0007,0xfffe,
 0x0000,0x0000,0x0000,0x0000,0x0000,0x0000,0x000f,0xfff8,0x0000,0x0000,0x0000,0x0000,
 0x0000,0x0000,0x003f,0xff80,0x0000,0x0000,0x0000,0x0000,0x0000,0x0000,0x007f,0xf800,
 0x0000,0x0000,0x0000,0x0000,0x0000,0x0000,0x007e,0x0000,0x0000,0x0000,0x0000,0x0000,
 0x0000,0x0000,0x0000,0x0000,0x0000,0x0000,0x0000,0x0000,0x0000,0x0000,0x0000,0x0000,
 0x0000,0x0000,0x0000,0x0000,0x0000,0x0000,0x0000,0x0000,0x0000,0x0000,0x0000,0x0000,
 0x0000,0x0000,0x0000,0x0000,0x0000,0x0000,0x0000,0x0000,0x0000,0x0000,0x0000,0x0000,
 0x0000,0x0000,0x0000,0x0000,0x0000,0x0000,0x0000,0x0000,0x0000,0x0000,0x0000,0x0000,
 0x0000,0x0000,0x0000,0x0000,0x0000,0x0000,0x0000,0x0000,0x0000,0x0000,0x0000,0x0000,
 0x0000,0x0000,0x0000,0x0000,0x0000,0x0000,0x0000,0x0000,0x0000,0x0000,0x0000,0x0000,
 0x0000,0x0000,0x0000,0x0000,0x0000,0x0000,0x0000,0x0000,0x0000,0x0000,0x0000,0x0000,
 0x0000,0x0000,0x0000,0x0000,0x0000,0x0000,0x0000,0x0000,0x0000,0x0000,0x0000,0x0000,
 0x0000,0x0000,0x0000,0x0000,0x0000,0x0000,0x0000,0x0000,0x0000,0x0000,0x0000,0x0000,
 0x0000,0x0000,0x0000,0x0000,0x0000,0x0000,0x0000,0x0000,0x0000,0x0000,0x0000,0x0000,
 0x0000,0x0000,0x0000,0x0000,0x0000,0x0000,0x0000,0x0000,0x0000,0x0000,0x0000,0x0000,
 0x0000,0x0000,0x0000,0x0000,0x0000,0x0000,0x0000,0x0000,0x0000,0x0000,0x0000,0x0000,
 0x0000,0x0000,0x0000,0x0000,0x0000,0x0000,0x0000,0x0000,0x0000,0x0000,0x0000,0x0000,
 0x0000,0x0580,0x0000,0x0000,0x0000,0x0000,0x0000,0x0000,0x0000,0x1d40,0x0000,0x0000,
 0x0000,0x0000,0x0000,0x0000,0x0005,0x9800,0x0000,0x0000,0x0000,0x0000,0x0000,0x0000,
 0x0025,0x0600,0x0000,0x0000,0x0000,0x0000,0x0000,0x0000,0x0038,0xf800,0x0000,0x0000,
 0x0000,0x0000,0x0000,0x0000,0x0960,0xe000,0x0000,0x0000,0x0000,0x0000,0x0000,0x0005,
 0xbd1d,0x2000,0x0000,0x0000,0x0000,0x0000,0x0000,0x000d,0x8d3f,0xc000,0x0000,0x0000,
 0x0000,0x0000,0x0000,0x000c,0x637f,0x8000,0x0000,0x0000,0x0000,0x0000,0x0000,0x0013,
 0x1d7d,0x0000,0x0000,0x0000,0x0000,0x0000,0x0000,0x02d3,0x0fc8,0x0000,0x0000,0x0000,
 0x0000,0x0000,0x0000,0x0fce,0xf608,0x0000,0x0000,0x0000,0x0000,0x0000,0x0000,0x3ed4,
 0xfe0c,0x0400,0x0000,0x0000,0x0000,0x0000,0x0000,0xfcf3,0xc9ff,0x0000,0x0000,0x0000,
 0x0000,0x0000,0x0000,0xf479,0x0100,0x8000,0x0000,0x0000,0x0000,0x0000,0x0000,0x9d20,
 0x00fd,0x8000,0x0000,0x0000,0x0000,0x0000,0x0085,0x2000,0x7fe7,0x0000,0x0000,0x0000,
 0x0000,0x0000,0x0150,0x5073,0xff71,0x0000,0x0000,0x0000,0x0000,0x0000,0x0000,0x9918,
 0x7bf3,0xf000,0x0000,0x0000,0x0000,0x0000,0x0847,0xff9f,0x3ffc,0x6840,0x0000,0x0000,
 0x0000,0x0000,0x0c6a,0x7fce,0x01be,0x0f00,0x0000,0x0000,0x0000,0x0000,0x78fc,0xfc7c,
 0x3897,0x1b80,0x0000,0x0000,0x0000,0x0001,0xff7e,0x7ff8,0x270f,0x7300,0x0000,0x0000,
 0x0000,0x0003,0xc86b,0xfff3,0xf982,0xf300,0x0000,0x0000,0x0000,0x0001,0x8f3b,0xffff,
 0x298f,0x3300,0x0000,0x0000,0x0000,0x000b,0xc0df,0xfff7,0x299f,0xfb00,0x0000,0x0000,
 0x0000,0x0018,0x7e35,0x8017,0x1980,0xfb80,0x0000,0x0000,0x0000,0x0000,0x0007,0x73fe,
 0x03fe,0xc300,0x0000,0x0000,0x0000,0x0000,0x0001,0xdcc2,0x17e8,0xc080,0x0000,0x0000,
 0x0000,0x0000,0x0000,0x7611,0xfcf0,0x8780,0x0000,0x0000,0x0000,0x0000,0x0000,0x0ff0,
 0x08fb,0xc000,0x0000,0x0000,0x0000,0x0000,0x0000,0x0b10,0x0fdf,0x8000,0x0000,0x0000,
 0x0000,0x0000,0x0000,0x0177,0xdff0,0x0000,0x0000,0x0000,0x0000,0x0000,0x0000,0x032f,
 0xce10,0x0000,0x0000,0x0000,0x0000,0x0000,0x0000,0x6cff,0x3600,0x0000,0x0000,0x0000,
 0x0000,0x0000,0x0000,0xe77c,0xdc00,0x0000,0x0000,0x0000,0x0000,0x0000,0x0000,0x3740,
 0x6600,0x0000,0x0000,0x0000,0x0000,0x0000,0x0000,0x1a0d,0xb000,0x0000,0x0000,0x0000,
 0x0000,0x0000,0x0005,0x1806,0xc000,0x0000,0x0000,0x0000,0x0000,0x0000,0x0000,0x6ff2,
 0x0000,0x0000,0x0000,0x0000,0x0000,0x0000,0x0007,0xbe20,0x0000,0x0000,0x0000,0x0000,
 0x0000,0x0000,0x0006,0x80c0,0x0000,0x0000,0x0000,0x0000,0x0000,0x0000,0x003c,0x7800,
 0x0000,0x0000,0x0000,0x0000,0x0000,0x0000,0x0027,0x0000,0x0000,0x0000,0x0000,0x0000,
 0x0000,0x0000,0x0050,0x0000,0x0000,0x0000,0x0000,0x0000,0x0000,0x0000,0x0000,0x0000,
 0x0000,0x0000,0x0000,0x0000,0x0000,0x0000,0x0000,0x0000,0x0000,0x0000,0x0000,0x0000,
 0x0000,0x0000,0x0000,0x0000,0x0000,0x0000,0x0000,0x0000,0x0000,0x0000,0x0000,0x0000,
 0x0000,0x0000,0x0000,0x0000,0x0000,0x0000,0x0000,0x0000,0x0000,0x0000,0x0000,0x0000,
 0x0000,0x0000,0x0000,0x0000,0x0000,0x0000,0x0000,0x0000,0x0000,0x0000,0x0000,0x0000,
 0x0000,0x0000,0x0000,0x0000,0x0000,0x0000,0x0000,0x0000,0x0000,0x0000,0x0000,0x0000,
 0x0000,0x0000,0x0000,0x0000,0x0000,0x0000,0x0000,0x0000,0x0000,0x0000,0x0000,0x0000,
 0x0000,0x0000,0x0000,0x0000,0x0000,0x0000,0x0000,0x0000,0x0000,0x0000,0x0000,0x0000,
 0x0000,0x0000,0x0000,0x0000,0x0000,0x0000,0x0000,0x0000,0x0000,0x0000,0x0000,0x0000,
 0x0000,0x0000,0x0000,0x0000,0x0000,0x0000,0x0000,0x0000,0x0000,0x0000,0x0000,0x0000,
 0x0000,0x0000,0x0000,0x0000,0x0000,0x0000,0x0000,0x0000,0x0000,0x0000,0x0000,0x0000,
 0x0000,0x0000,0x0000,0x0000,0x0000,0x0000,0x0000,0x0000,0x0000,0x0000,0x0000,0x0000,
 0x0000,0x0000,0x0000,0x0000,0x0000,0x0000,0x0000,0x0000,0x0000,0x0000,0x0000,0x0000,
 0x0000,0x0000,0x0000,0x0000,0x0000,0x0000,0x0000,0x0000,0x0000,0x03c0,0x0000,0x0000,
 0x0000,0x0000,0x0000,0x0000,0x0000,0xfe80,0x0000,0x0000,0x0000,0x0000,0x0000,0x0000,
 0x0003,0xe000,0x0000,0x0000,0x0000,0x0000,0x0000,0x0000,0x001e,0x0000,0x0000,0x0000,
 0x0000,0x0000,0x0000,0x0000,0x0070,0x0000,0x0000,0x0000,0x0000,0x0000,0x0000,0x0000,
 0xf020,0x0000,0x0000,0x0000,0x0000,0x0000,0x0000,0x0003,0xc260,0x0000,0x0000,0x0000,
 0x0000,0x0000,0x0000,0x0002,0x70c0,0x0000,0x0000,0x0000,0x0000,0x0000,0x0070,0x0003,
 0x8180,0x0000,0x0000,0x0000,0x0000,0x0000,0x01fc,0x007c,0x0300,0x0000,0x0000,0x0000,
 0x0000,0x0000,0x01fc,0x01e0,0x3000,0x0000,0x0000,0x0000,0x0000,0x0000,0x038e,0x1e00,
 0x0000,0x0000,0x0000,0x0000,0x0000,0x0000,0x038e,0x7800,0x0000,0x7800,0x0000,0x0000,
 0x0000,0x0000,0x038e,0xe000,0x3000,0xf800,0x0000,0x0000,0x0000,0x0000,0x01fc,0x0386,
 0x60ff,0x0000,0x0000,0x0000,0x0000,0x0000,0x01ff,0x061c,0xff00,0x0000,0x0000,0x0000,
 0x0000,0x0000,0x007a,0x043f,0x8000,0x0000,0x0000,0x0000,0x0000,0x0000,0x00e0,0x0f8c,
 0x0000,0x0000,0x0000,0x0000,0x0000,0x0000,0x03c0,0x1e07,0x8000,0x0f80,0x0000,0x0000,
 0x0000,0x0000,0x0700,0x30c0,0x0007,0x0780,0x0000,0x0000,0x0000,0x0000,0x1000,0xe030,
 0x0001,0x0000,0x0000,0x0000,0x0000,0x0000,0xc003,0xc380,0x0078,0x8300,0x0000,0x0000,
 0x0000,0x0003,0xc01d,0x8000,0x03e0,0x8300,0x0000,0x0000,0x0000,0x0007,0x3f30,0x0000,
 0x0600,0x0380,0x0000,0x0000,0x0000,0x000e,0x7064,0x0000,0x8605,0xc380,0x0000,0x0000,
 0x0000,0x001c,0x0000,0x0000,0x8615,0x0380,0x0000,0x0000,0x0000,0x0010,0x0000,0x0000,
 0x0615,0x0300,0x0000,0x0000,0x0000,0x0000,0x0000,0x0000,0x0000,0x0300,0x0000,0x0000,
 0x0000,0x0000,0x0000,0x0000,0x0000,0x0000,0x0000,0x0000,0x0000,0x0000,0x0000,0x000e,
 0x0000,0x0000,0x0000,0x0000,0x0000,0x0000,0x0000,0x0028,0x0000,0x0000,0x0000,0x0000,
 0x0000,0x0000,0x0000,0x00cf,0xe000,0x0000,0x0000,0x0000,0x0000,0x0000,0x0000,0x0e18,
 0x2000,0x0000,0x0000,0x0000,0x0000,0x0000,0x0000,0x0470,0x0000,0x0000,0x0000,0x0000,
 0x0000,0x0000,0x0000,0x00c0,0x0000,0x0000,0x0000,0x0000,0x0000,0x0000,0x0000,0x0980,
 0x0000,0x0000,0x0000,0x0000,0x0000,0x0000,0x0001,0x9000,0x0000,0x0000,0x0000,0x0000,
 0x0000,0x0000,0x0003,0x2c00,0x0000,0x0000,0x0000,0x0000,0x0000,0x0000,0x0002,0x3ff0,
 0x0000,0x0000,0x0000,0x0000,0x0000,0x0000,0x0000,0xf000,0x0000,0x0000,0x0000,0x0000,
 0x0000,0x0000,0x0003,0xc000,0x0000,0x0000,0x0000,0x0000,0x0000,0x0000,0x000f,0x0000,
 0x0000,0x0000,0x0000,0x0000,0x0000,0x0000,0x0018,0x0000,0x0000,0x0000,0x0000,0x0000,
 0x0000,0x0000,0x0070,0x0000,0x0000,0x0000,0x0000,0x0000,0x0000,0x0000,0x0000,0x0000,
 0x0000,0x0000,0x0000,0x0000,0x0000,0x0000,0x0000,0x0000,0x0000,0x0000,0x0000,0x0000,
 0x0000,0x0000,0x0000,0x0000,0x0000,0x0000,0x0000,0x0000,0x0000,0x0000,0x0000,0x0000,
 0x0000,0x0000,0x0000,0x0000,0x0000,0x0000,0x0000,0x0000,0x0000,0x0000,0x0000,0x0000,
 0x0000,0x0000,0x0000,0x0000,0x0000,0x0000,0x0000,0x0000,0x0000,0x0000,0x0000,0x0000,
 0x0000,0x0000,0x0000,0x0000,0x0000,0x0000,0x0000,0x0000,0x0000,0x0000,0x0000,0x0000,
 0x0000,0x0000,0x0000,0x0000,0x0000,0x0000,0x0000,0x0000,0x0000,0x0000,0x0000,0x0000,
 0x0000,0x0000,0x0000,0x0000,0x0000,0x0000,0x0000,0x0000,0x0000,0x0000,0x0000,0x0000,
 0x0000,0x0000,0x0000,0x0000,0x0000,0x0000,0x0000,0x0000,0x0000,0x0000,0x0000,0x0000,
 0x0000,0x0000,0x0000,0x0000,0x0000,0x0000,0x0000,0x0000,0x0000,0x0000,0x0000,0x0000,
 0x0000,0x0000,0x0000,0x0000,0x0000,0x0000,0x0000,0x0000,0x0000,0x0000,0x0000,0x0000,
 0x0000,0x0000,0x0000,0x0000,0x0000,0x0000,0x0000,0x0000,0x0000,0x0000,0x0000,0x0000,
 0x0000,0x0000,0x0000,0x0000,0x0000,0x0000,0x0000,0x0000,0x0000,0x0000,0x0000,0x0000,
 0x0000,0x0000,0x0000,0x0000,0x0000,0x0000,0x0000,0x0000,0x0000,0x0000,0x0000,0x0000,
 0x0000,0x0000,0x0000,0x0000,0x0000,0x0000,0x0000,0x0000,0x0000,0x0000,0x0000,0x0000,
 0x0000,0x0000,0x0000,0x0000,0x0000,0x0000,0x0000,0x0000,0x0000,0x0000,0x0000,0x0000,
 0x0000,0x0000,0x0000,0x0000,0x0000,0x0000,0x0000,0x0000,0x0000,0x0000,0x0000,0x0000,
 0x0000,0x0000,0x0000,0x0000,0x0000,0x0000,0x0000,0x0000,0x0000,0x0000,0x0000,0x0000,
 0x0000,0x0000,0x0000,0x0000,0x0000,0x0000,0x0000,0x0000,0x0000,0x0000,0x0000,0x0000,
 0x0000,0x0000,0x0000,0x0000,0x0000,0x0000,0x0000,0x0000,0x0000,0x0000,0x0000,0x0000,
 0x0000,0x0000,0x0000,0x0000,0x0000,0x0000,0x0000,0x0000,0x0000,0x0000,0x0000,0x0000,
 0x0000,0x0000,0x0000,0x0000,0x0000,0x0000,0x0070,0x0000,0x0000,0x0000,0x0000,0x0000,
 0x0000,0x0000,0x0070,0x0000,0x0000,0x0000,0x0000,0x0000,0x0000,0x0000,0x0070,0x0000,
 0x0000,0x0000,0x0000,0x0000,0x0000,0x0000,0x0000,0x0000,0x0000,0x0000,0x0000,0x0000,
 0x0000,0x0000,0x0001,0xe000,0x0000,0x0000,0x0000,0x0000,0x0000,0x0000,0x008f,0xe000,
 0x0000,0x0000,0x0000,0x0000,0x0000,0x0000,0x01bf,0x8000,0x0000,0x0000,0x0000,0x0000,
 0x0000,0x0000,0x05ff,0x0000,0x0000,0x0000,0x0000,0x0000,0x0000,0x0000,0x0ffe,0x0000,
 0x0000,0x0000,0x0000,0x0000,0x0000,0x0000,0x0ff0,0x0000,0x0000,0x0000,0x0000,0x0000,
 0x0000,0x0000,0x0f00,0x0000,0x0000,0x0000,0x0000,0x0000,0x0000,0x0000,0x0000,0x0000,
 0x0000,0x0000,0x0000,0x0000,0x0000,0x0000,0x0000,0x0000,0x0000,0x0000,0x0000,0x0000,
 0x0000,0x0008,0x0000,0x0000,0xc010,0x0000,0x0000,0x0000,0x0000,0x0000,0x0000,0x0000,
 0xc000,0x0000,0x0000,0x0000,0x0000,0x0000,0x0000,0x0000,0x0000,0x0000,0x0000,0x0000,
 0x0000,0x0000,0x0000,0x0000,0x0000,0x0000,0x0000,0x0000,0x0000,0x0000,0x0000,0x0000,
 0x0000,0x0000,0x0000,0x0000,0x0000,0x0000,0x0000,0x0000,0x0000,0x0000,0x0000,0x0000,
 0x0000,0x0000,0x0001,0x0000,0x0000,0x0000,0x0000,0x0000,0x0000,0x0000,0x0000,0x0000,
 0x0000,0x0000,0x0000,0x0000,0x0000,0x0000,0x0000,0x0000,0x0000,0x0000,0x0000,0x0000,
 0x0000,0x0000,0x0000,0x0000,0x0000,0x0000,0x0000,0x0000,0x0000,0x0000,0x0000,0x0000,
 0x0000,0x0000,0x0000,0x0000,0x0000,0x0000,0x0000,0x0000,0x0000,0x0000,0x0000,0x0000,
 0x0000,0x0000,0x0000,0x0000,0x0000,0x0000,0x0000,0x0000,0x0000,0x0000,0x0000,0x0000,
 0x0000,0x0000,0x0000,0x0000,0x0000,0x0000,0x0000,0x0000,0x0000,0x0000,0x0000,0x0000,
 0x0000,0x0000,0x0000,0x0000,0x0000,0x0000,0x0000,0x0000,0x0000,0x0000,0x0000,0x0000,
 0x0000,0x0000,0x0000,0x0000,0x0000,0x0000,0x0000,0x0000,0x0000,0x0000,0x0000,0x0000,
 0x0000,0x0000,0x0000,0x0000,0x0000,0x0000,0x0000,0x0000,0x0000,0x0000,0x0000,0x0000,
 0x0000,0x0000,0x0000,0x0000,0x0000,0x0000,0x0000,0x0000,0x0000,0x0000,0x0000,0x0000,
 0x0000,0x0000,0x0000,0x0000,0x0000,0x0000,0x0000,0x0000,0x0000,0x0000,0x0000,0x0000,
 0x0000,0x0000,0x0000,0x0000,0x0000,0x0000,0x0000,0x0000,0x0000,0x0000,0x0000,0x0000,
 0x0000,0x0000,0x0000,0x0000,0x0000,0x0000,0x0000,0x0000,0x0000,0x0000,0x0000,0x0000,
 0x0000,0x0000,0x0000,0x0000,0x0000,0x0000,0x0000,0x0000,0x0000,0x0000,0x0000,0x0000,
 0x0000,0x0000,0x0000,0x0000,0x0000,0x0000,0x0000,0x0000,0x0000,0x0000,0x0000,0x0000,
 0x0000,0x0000,0x0000,0x0000,0x0000,0x0000,0x0000,0x0000,0x0000,0x0000,0x0000,0x0000,
 0x0000,0x0000,0x0000,0x0000,0x0000,0x0000,0x0000,0x0000,0x0000,0x0000,0x0000,0x0000,
 0x0000,0x0000,0x0000,0x0000,0x0000,0x0000,0x0000,0x0000,0x0000,0x0000,0x0000,0x0000,
 0x0000,0x0000,0x0000,0x0000,0x0000,0x0000,0x0000,0x0000,0x0000,0x0000,0x0000,0x0000,
 0x0000,0x0000,0x0000,0x0000,0x0000,0x0000,0x0000,0x0000,0x0000,0x0000,0x0000,0x0000,
 0x0000,0x0000,0x0000,0x0000,0x0000,0x0000,0x0000,0x0000,0x0000,0x0000,0x0000,0x0000,
 0x0000,0x0000,0x0000,0x0000,0x0000,0x0000,0x0000,0x0000,0x0000,0x0000,0x0000,0x0000,
 0x0000,0x0000,0x0000,0x0000,0x0000,0x0000,0x0000,0x0000,0x0000,0x0000,0x0000,0x0000,
 0x0000,0x07c0,0x0000,0x0000,0x0000,0x0000,0x0000,0x0000,0x0000,0xffc0,0x0000,0x0000,
 0x0000,0x0000,0x0000,0x0000,0x0007,0xff80,0x0000,0x0000,0x0000,0x0000,0x0000,0x0000,
 0x003f,0xff00,0x0000,0x0000,0x0000,0x0000,0x0000,0x0000,0x007f,0xfc00,0x0000,0x0000,
 0x0000,0x0000,0x0000,0x0000,0xffff,0xf800,0x0000,0x0000,0x0000,0x0000,0x0000,0x0007,
 0xffff,0xd000,0x0000,0x0000,0x0000,0x0000,0x0000,0x000f,0xfeff,0x3000,0x0000,0x0000,
 0x0000,0x0000,0x0000,0x003f,0xfdfe,0x6000,0x0000,0x0000,0x0000,0x0000,0x0000,0x007f,
 0xfbfe,0xc000,0x0000,0x0000,0x0000,0x0000,0x0000,0x03ff,0xffff,0x8000,0x0000,0x0000,
 0x0000,0x0000,0x0000,0x1fff,0xefff,0x0000,0x0000,0x0000,0x0000,0x0000,0x0000,0x7fff,
 0xdff3,0xfc00,0x0000,0x0000,0x0000,0x0000,0x0000,0xffff,0xffff,0xf800,0x0000,0x0000,
 0x0000,0x0000,0x0001,0x8fff,0xffff,0xf000,0x0000,0x0000,0x0000,0x0000,0x0003,0xf7ff,
 0xfffe,0x4000,0x0000,0x0000,0x0000,0x0000,0x008f,0xffff,0xfff8,0xc000,0x0000,0x0000,
 0x0000,0x0000,0x01ff,0xefdf,0xff8e,0xe000,0x0000,0x0000,0x0000,0x0000,0x07ff,0xffe7,
 0xfc0e,0xff80,0x0000,0x0000,0x0000,0x0000,0x0fff,0xff3f,0xc0ff,0xffc0,0x0000,0x0000,
 0x0000,0x0000,0x1ffd,0xffff,0xfedf,0xf080,0x0000,0x0000,0x0000,0x0000,0xffef,0xffff,
 0xffff,0xecc0,0x0000,0x0000,0x0000,0x0003,0xffff,0xffff,0xdfff,0xccc0,0x0000,0x0000,
 0x0000,0x0007,0xbfff,0xffff,0xe7fd,0xcc40,0x0000,0x0000,0x0000,0x0007,0xffff,0xffe3,
 0xf7ea,0x4c40,0x0000,0x0000,0x0000,0x001f,0xff3f,0x000b,0xf7ea,0xcc40,0x0000,0x0000,
 0x0000,0x001f,0x81cb,0xffeb,0xe7ea,0xccc0,0x0000,0x0000,0x0000,0x0010,0x7ff8,0xfff1,
 0xffff,0xbcc0,0x0000,0x0000,0x0000,0x0000,0x041e,0x3fff,0xf81f,0x3fc0,0x0000,0x0000,
 0x0000,0x0000,0x0003,0x8fff,0xfb0f,0x7f80,0x0000,0x0000,0x0000,0x0000,0x0001,0xf1ff,
 0xf704,0x3c00,0x0000,0x0000,0x0000,0x0000,0x0000,0x7fff,0xffe0,0x4000,0x0000,0x0000,
 0x0000,0x0000,0x0000,0x3fbf,0xffff,0xf000,0x0000,0x0000,0x0000,0x0000,0x0000,0x3fff,
 0xfff1,0xf800,0x0000,0x0000,0x0000,0x0000,0x0000,0x77ff,0xf9e0,0x0000,0x0000,0x0000,
 0x0000,0x0000,0x0000,0xf7ff,0xe380,0x0000,0x0000,0x0000,0x0000,0x0000,0x0001,0xefff,
 0x9f00,0x0000,0x0000,0x0000,0x0000,0x0000,0x0003,0xdffe,0x7e00,0x0000,0x0000,0x0000,
 0x0000,0x0000,0x0007,0xfff9,0xf800,0x0000,0x0000,0x0000,0x0000,0x0000,0x0003,0xffef,
 0xc000,0x0000,0x0000,0x0000,0x0000,0x0000,0x0007,0xfffe,0x0000,0x0000,0x0000,0x0000,
 0x0000,0x0000,0x000f,0xfff8,0x0000,0x0000,0x0000,0x0000,0x0000,0x0000,0x003f,0xff80,
 0x0000,0x0000,0x0000,0x0000,0x0000,0x0000,0x007f,0xf800,0x0000,0x0000,0x0000,0x0000,
 0x0000,0x0000,0x006e,0x0000,0x0000,0x0000,0x0000,0x0000,0x0000,0x0000,0x0000,0x0000,
 0x0000,0x0000,0x0000,0x0000,0x0000,0x0000,0x0000,0x0000,0x0000,0x0000,0x0000,0x0000,
 0x0000,0x0000,0x0000,0x0000,0x0000,0x0000,0x0000,0x0000,0x0000,0x0000,0x0000,0x0000,
 0x0000,0x0000,0x0000,0x0000,0x0000,0x0000,0x0000,0x0000,0x0000,0x0000,0x0000,0x0000,
 0x0000,0x0000,0x0000,0x0000,0x0000,0x0000,0x0000,0x0000,0x0000,0x0000,0x0000,0x0000,
 0x0000,0x0000,0x0000,0x0000,0x0000,0x0000,0x0000,0x0000,0x0000,0x0000,0x0000,0x0000,
 0x0000,0x0000,0x0000,0x0000,0x0000,0x0000,0x0000,0x0000,0x0000,0x0000,0x0000,0x0000,
 0x0000,0x0000,0x0000,0x0000,0x0000,0x0000,0x0000,0x0000,0x0000,0x0000,0x0000,0x0000,
 0x0000,0x0000,0x0000,0x0000,0x0000,0x0000,0x0000,0x0000,0x0000,0x0000,0x0000,0x0000,
 0x0000,0x0000,0x0000,0x0000,0x0000,0x0000,0x0000,0x0000,0x0000,0x0000,0x0000,0x0000,
 0x0000,0x0000,0x0000,0x0000,0x0000,0x0000,0x0000,0x0000,0x0000,0x0000,0x0000,0x0000,
 0x0000,0x0000,0x0000,0x0000,0x0000,0x0000,0x0000,0x0000,0x0000,0x0000,0x0000,0x0000,
 0x0000,0x0000,0x0000,0x0000,0x0000,0x0000,0x0000,0x0000,0x0000,0x0000,0x0000,0x0000,
 0x0000,0x0000,0x0000,0x0000,0x0000,0x0000,0x0000,0x0000,0x0000,0x07c0,0x0000,0x0000,
 0x0000,0x0000,0x0000,0x0000,0x0000,0xffc0,0x0000,0x0000,0x0000,0x0000,0x0000,0x0000,
 0x0007,0xff80,0x0000,0x0000,0x0000,0x0000,0x0000,0x0000,0x003f,0xff00,0x0000,0x0000,
 0x0000,0x0000,0x0000,0x0000,0x007f,0xfc00,0x0000,0x0000,0x0000,0x0000,0x0000,0x0000,
 0xffff,0xf800,0x0000,0x0000,0x0000,0x0000,0x0000,0x0007,0xffff,0xf000,0x0000,0x0000,
 0x0000,0x0000,0x0000,0x000f,0xffff,0xf000,0x0000,0x0000,0x0000,0x0000,0x0000,0x003f,
 0xffff,0xe000,0x0000,0x0000,0x0000,0x0000,0x0000,0x007f,0xffff,0xc000,0x0000,0x0000,
 0x0000,0x0000,0x0000,0x03ff,0xffff,0x8000,0x0000,0x0000,0x0000,0x0000,0x0000,0x1fff,
 0xffff,0x0000,0x0000,0x0000,0x0000,0x0000,0x0000,0x7fff,0xffff,0xfc00,0x0000,0x0000,
 0x0000,0x0000,0x0000,0xffff,0xffff,0xf800,0x0000,0x0000,0x0000,0x0000,0x0001,0xffff,
 0xffff,0xf000,0x0000,0x0000,0x0000,0x0000,0x003f,0xffff,0xffff,0xc000,0x0000,0x0000,
 0x0000,0x0000,0x00ff,0xffff,0xffff,0xc000,0x0000,0x0000,0x0000,0x0000,0x01ff,0xffff,
 0xffff,0xe000,0x0000,0x0000,0x0000,0x0000,0x07ff,0xffff,0xffff,0xff80,0x0000,0x0000,
 0x0000,0x0000,0x0fff,0xffff,0xffff,0xffc0,0x0000,0x0000,0x0000,0x0000,0x1fff,0xffff,
 0xffff,0xff80,0x0000,0x0000,0x0000,0x0000,0xffff,0xffff,0xffff,0xffc0,0x0000,0x0000,
 0x0000,0x0003,0xffff,0xffff,0xffff,0xffc0,0x0000,0x0000,0x0000,0x0007,0xffff,0xffff,
 0xffff,0xffc0,0x0000,0x0000,0x0000,0x000f,0xffff,0xffff,0xffff,0xffc0,0x0000,0x0000,
 0x0000,0x001f,0xffff,0xffff,0xffff,0xffc0,0x0000,0x0000,0x0000,0x001f,0xffff,0xffff,
 0xffff,0xffc0,0x0000,0x0000,0x0000,0x0010,0x7fff,0xffff,0xffff,0xffc0,0x0000,0x0000,
 0x0000,0x0000,0x041f,0xffff,0xffff,0xffc0,0x0000,0x0000,0x0000,0x0000,0x0003,0xffff,
 0xffff,0xff80,0x0000,0x0000,0x0000,0x0000,0x0001,0xffff,0xffff,0xfc00,0x0000,0x0000,
 0x0000,0x0000,0x0000,0x7fff,0xffff,0xc000,0x0000,0x0000,0x0000,0x0000,0x0000,0x3fff,
 0xffff,0xf000,0x0000,0x0000,0x0000,0x0000,0x0000,0x3fff,0xfff1,0xf800,0x0000,0x0000,
 0x0000,0x0000,0x0000,0x7fff,0xffe0,0x0000,0x0000,0x0000,0x0000,0x0000,0x0000,0xffff,
 0xff80,0x0000,0x0000,0x0000,0x0000,0x0000,0x0001,0xffff,0xff00,0x0000,0x0000,0x0000,
 0x0000,0x0000,0x0003,0xffff,0xfe00,0x0000,0x0000,0x0000,0x0000,0x0000,0x0007,0xffff,
 0xf800,0x0000,0x0000,0x0000,0x0000,0x0000,0x0003,0xffff,0xc000,0x0000,0x0000,0x0000,
 0x0000,0x0000,0x0007,0xfffe,0x0000,0x0000,0x0000,0x0000,0x0000,0x0000,0x000f,0xfff8,
 0x0000,0x0000,0x0000,0x0000,0x0000,0x0000,0x003f,0xff80,0x0000,0x0000,0x0000,0x0000,
 0x0000,0x0000,0x007f,0xf800,0x0000,0x0000,0x0000,0x0000,0x0000,0x0000,0x007e,0x0000,
 0x0000,0x0000,0x0000,0x0000,0x0000,0x0000,0x0000,0x0000,0x0000,0x0000,0x0000,0x0000,
 0x0000,0x0000,0x0000,0x0000,0x0000,0x0000,0x0000,0x0000,0x0000,0x0000,0x0000,0x0000,
 0x0000,0x0000,0x0000,0x0000,0x0000,0x0000,0x0000,0x0000,0x0000,0x0000,0x0000,0x0000,
 0x0000,0x0000,0x0000,0x0000,0x0000,0x0000,0x0000,0x0000,0x0000,0x0000,0x0000,0x0000,
 0x0000,0x0000,0x0000,0x0000,0x0000,0x0000,0x0000,0x0000,0x0000,0x0000,0x0000,0x0000,
 0x0000,0x0000,0x0000,0x0000,0x0000,0x0000,0x0000,0x0000,0x0000,0x0000,0x0000,0x0000,
 0x0000,0x0000,0x0000,0x0000,0x0000,0x0000,0x0000,0x0000,0x0000,0x0000,0x0000,0x0000,
 0x0000,0x0000,0x0000,0x0000,0x0000,0x0000,0x0000,0x0000,0x0000,0x0000,0x0000,0x0000,
 0x0000,0x0000,0x0000,0x0000,0x0000,0x0000,0x0000,0x0000,0x0000,0x0000,0x0000,0x0000,
 0x0000,0x0000,0x0000,0x0000,0x0000,0x0000,0x0000,0x0000,0x0000,0x0000,0x0000,0x0000,
 0x0000,0x0000,0x0000,0x0000,0x0000,0x0000,0x0000,0x0000,0x0000,0x0000,0x0000,0x0000,
 0x0000,0x0000,0x0000,0x0000,0x0000,0x0000,0x0000,0x0000,0x0000,0x0000,0x0000,0x0000,
 0x0000,0x0000,0x0000,0x0000,0x0000,0x0000,0x0000,0x0000,0x0000,0x0000,0x0000,0x0000,
 0x0000,0x0000,0x0000,0x0000,0x0000,0x0580,0x0000,0x0000,0x0000,0x0000,0x0000,0x0000,
 0x0000,0x1d40,0x0000,0x0000,0x0000,0x0000,0x0000,0x0000,0x0005,0x9800,0x0000,0x0000,
 0x0000,0x0000,0x0000,0x0000,0x0025,0x0600,0x0000,0x0000,0x0000,0x0000,0x0000,0x0000,
 0x0038,0xf800,0x0000,0x0000,0x0000,0x0000,0x0000,0x0000,0x0960,0xe000,0x0000,0x0000,
 0x0000,0x0000,0x0000,0x0005,0xbd1d,0x2000,0x0000,0x0000,0x0000,0x0000,0x0000,0x000d,
 0x8d3f,0xc000,0x0000,0x0000,0x0000,0x0000,0x0000,0x000c,0x637f,0x8000,0x0000,0x0000,
 0x0000,0x0000,0x0000,0x0013,0x1d7d,0x0000,0x0000,0x0000,0x0000,0x0000,0x0000,0x02d3,
 0x0fc8,0x0000,0x0000,0x0000,0x0000,0x0000,0x0000,0x0fce,0xf608,0x0000,0x0000,0x0000,
 0x0000,0x0000,0x0000,0x3ed4,0xfe0c,0x0400,0x0000,0x0000,0x0000,0x0000,0x0000,0xfcf3,
 0xc9ff,0x0000,0x0000,0x0000,0x0000,0x0000,0x0000,0xf479,0x0100,0x8000,0x0000,0x0000,
 0x0000,0x0000,0x0020,0x9d20,0x00fd,0x8000,0x0000,0x0000,0x0000,0x0000,0x00c5,0x2000,
 0x7fe7,0x0000,0x0000,0x0000,0x0000,0x0000,0x0150,0x5073,0xff71,0x0000,0x0000,0x0000,
 0x0000,0x0000,0x0000,0x9918,0x7bf3,0xf000,0x0000,0x0000,0x0000,0x0000,0x0847,0xff9f,
 0x3ffc,0x6840,0x0000,0x0000,0x0000,0x0000,0x0c6a,0x7fce,0x0180,0x0f00,0x0000,0x0000,
 0x0000,0x0000,0x78fc,0xfc7c,0x3880,0x1b80,0x0000,0x0000,0x0000,0x0001,0xff7e,0x7ff8,
 0x2700,0x7300,0x0000,0x0000,0x0000,0x0003,0xc86b,0xfff3,0xf800,0x3300,0x0000,0x0000,
 0x0000,0x0001,0x8f3b,0xffff,0x2800,0x1300,0x0000,0x0000,0x0000,0x000b,0xc0df,0xfff7,
 0x2800,0x1b00,0x0000,0x0000,0x0000,0x0018,0x7e35,0x8017,0x1800,0x1b80,0x0000,0x0000,
 0x0000,0x0000,0x0007,0x73fe,0x0000,0x0300,0x0000,0x0000,0x0000,0x0000,0x0001,0xdcc2,
 0x1400,0x0080,0x0000,0x0000,0x0000,0x0000,0x0000,0x7611,0xfc00,0x0780,0x0000,0x0000,
 0x0000,0x0000,0x0000,0x0ff0,0x0800,0x4000,0x0000,0x0000,0x0000,0x0000,0x0000,0x0b10,
 0x0f80,0x8000,0x0000,0x0000,0x0000,0x0000,0x0000,0x0177,0xdfc0,0x0000,0x0000,0x0000,
 0x0000,0x0000,0x0000,0x032f,0xce10,0x0000,0x0000,0x0000,0x0000,0x0000,0x0000,0x6cff,
 0x3600,0x0000,0x0000,0x0000,0x0000,0x0000,0x0000,0xe77c,0xdc00,0x0000,0x0000,0x0000,
 0x0000,0x0000,0x0000,0x3740,0x6600,0x0000,0x0000,0x0000,0x0000,0x0000,0x0000,0x1a0d,
 0xb000,0x0000,0x0000,0x0000,0x0000,0x0000,0x0005,0x1806,0xc000,0x0000,0x0000,0x0000,
 0x0000,0x0000,0x0000,0x6ff2,0x0000,0x0000,0x0000,0x0000,0x0000,0x0000,0x0007,0xbe20,
 0x0000,0x0000,0x0000,0x0000,0x0000,0x0000,0x0006,0x80c0,0x0000,0x0000,0x0000,0x0000,
 0x0000,0x0000,0x003c,0x7800,0x0000,0x0000,0x0000,0x0000,0x0000,0x0000,0x0027,0x0000,
 0x0000,0x0000,0x0000,0x0000,0x0000,0x0000,0x0050,0x0000,0x0000,0x0000,0x0000,0x0000,
 0x0000,0x0000,0x0000,0x0000,0x0000,0x0000,0x0000,0x0000,0x0000,0x0000,0x0000,0x0000,
 0x0000,0x0000,0x0000,0x0000,0x0000,0x0000,0x0000,0x0000,0x0000,0x0000,0x0000,0x0000,
 0x0000,0x0000,0x0000,0x0000,0x0000,0x0000,0x0000,0x0000,0x0000,0x0000,0x0000,0x0000,
 0x0000,0x0000,0x0000,0x0000,0x0000,0x0000,0x0000,0x0000,0x0000,0x0000,0x0000,0x0000,
 0x0000,0x0000,0x0000,0x0000,0x0000,0x0000,0x0000,0x0000,0x0000,0x0000,0x0000,0x0000,
 0x0000,0x0000,0x0000,0x0000,0x0000,0x0000,0x0000,0x0000,0x0000,0x0000,0x0000,0x0000,
 0x0000,0x0000,0x0000,0x0000,0x0000,0x0000,0x0000,0x0000,0x0000,0x0000,0x0000,0x0000,
 0x0000,0x0000,0x0000,0x0000,0x0000,0x0000,0x0000,0x0000,0x0000,0x0000,0x0000,0x0000,
 0x0000,0x0000,0x0000,0x0000,0x0000,0x0000,0x0000,0x0000,0x0000,0x0000,0x0000,0x0000,
 0x0000,0x0000,0x0000,0x0000,0x0000,0x0000,0x0000,0x0000,0x0000,0x0000,0x0000,0x0000,
 0x0000,0x0000,0x0000,0x0000,0x0000,0x0000,0x0000,0x0000,0x0000,0x0000,0x0000,0x0000,
 0x0000,0x0000,0x0000,0x0000,0x0000,0x0000,0x0000,0x0000,0x0000,0x0000,0x0000,0x0000,
 0x0000,0x0000,0x0000,0x0000,0x0000,0x0000,0x0000,0x0000,0x0000,0x0000,0x0000,0x0000,
 0x0000,0x03c0,0x0000,0x0000,0x0000,0x0000,0x0000,0x0000,0x0000,0xfe80,0x0000,0x0000,
 0x0000,0x0000,0x0000,0x0000,0x0003,0xe000,0x0000,0x0000,0x0000,0x0000,0x0000,0x0000,
 0x001e,0x0000,0x0000,0x0000,0x0000,0x0000,0x0000,0x0000,0x0070,0x0000,0x0000,0x0000,
 0x0000,0x0000,0x0000,0x0000,0xf020,0x0000,0x0000,0x0000,0x0000,0x0000,0x0000,0x0003,
 0xc260,0x0000,0x0000,0x0000,0x0000,0x0000,0x0000,0x0002,0x70c0,0x0000,0x0000,0x0000,
 0x0000,0x0000,0x0000,0x0003,0x8180,0x0000,0x0000,0x0000,0x0000,0x0000,0x0000,0x007c,
 0x0300,0x0000,0x0000,0x0000,0x0000,0x0000,0x0000,0x01e0,0x3000,0x0000,0x0000,0x0000,
 0x0000,0x0000,0x0000,0x1e00,0x0000,0x0000,0x0000,0x0000,0x0000,0x0000,0x0000,0x7800,
 0x0000,0x7800,0x0000,0x0000,0x0000,0x0000,0x0000,0xe000,0x3000,0xf800,0x0000,0x0000,
 0x0000,0x0000,0x0000,0x0386,0x60ff,0x0000,0x0000,0x0000,0x0000,0x0000,0x001f,0x061c,
 0xff00,0x0000,0x0000,0x0000,0x0000,0x0000,0x007a,0x043f,0x8000,0x0000,0x0000,0x0000,
 0x0000,0x0000,0x00e0,0x0f8c,0x0000,0x0000,0x0000,0x0000,0x0000,0x0000,0x03c0,0x1e07,
 0x8000,0x0f80,0x0000,0x0000,0x0000,0x0000,0x0700,0x30c0,0x0007,0x0780,0x0000,0x0000,
 0x0000,0x0000,0x1000,0xe030,0x003f,0x0000,0x0000,0x0000,0x0000,0x0000,0xc003,0xc380,
 0x007f,0x8300,0x0000,0x0000,0x0000,0x0003,0xc01d,0x8000,0x03ff,0x8300,0x0000,0x0000,
 0x0000,0x0007,0x3f30,0x0000,0x07ff,0xc380,0x0000,0x0000,0x0000,0x000e,0x7064,0x0000,
 0x87ff,0xe380,0x0000,0x0000,0x0000,0x001c,0x0000,0x0000,0x87e3,0xe380,0x0000,0x0000,
 0x0000,0x0010,0x0000,0x0000,0x07e3,0xe300,0x0000,0x0000,0x0000,0x0000,0x0000,0x0000,
 0x03e3,0xe300,0x0000,0x0000,0x0000,0x0000,0x0000,0x0000,0x03ff,0xe000,0x0000,0x0000,
 0x0000,0x0000,0x0000,0x000e,0x01ff,0xc000,0x0000,0x0000,0x0000,0x0000,0x0000,0x0028,
 0x00ff,0x8000,0x0000,0x0000,0x0000,0x0000,0x0000,0x00cf,0xe07f,0x0000,0x0000,0x0000,
 0x0000,0x0000,0x0000,0x0e18,0x203e,0x0000,0x0000,0x0000,0x0000,0x0000,0x0000,0x0470,
 0x0000,0x0000,0x0000,0x0000,0x0000,0x0000,0x0000,0x00c0,0x0000,0x0000,0x0000,0x0000,
 0x0000,0x0000,0x0000,0x0980,0x0000,0x0000,0x0000,0x0000,0x0000,0x0000,0x0001,0x9000,
 0x0000,0x0000,0x0000,0x0000,0x0000,0x0000,0x0003,0x2c00,0x0000,0x0000,0x0000,0x0000,
 0x0000,0x0000,0x0002,0x3ff0,0x0000,0x0000,0x0000,0x0000,0x0000,0x0000,0x0000,0xf000,
 0x0000,0x0000,0x0000,0x0000,0x0000,0x0000,0x0003,0xc000,0x0000,0x0000,0x0000,0x0000,
 0x0000,0x0000,0x000f,0x0000,0x0000,0x0000,0x0000,0x0000,0x0000,0x0000,0x0018,0x0000,
 0x0000,0x0000,0x0000,0x0000,0x0000,0x0000,0x0070,0x0000,0x0000,0x0000,0x0000,0x0000,
 0x0000,0x0000,0x0000,0x0000,0x0000,0x0000,0x0000,0x0000,0x0000,0x0000,0x0000,0x0000,
 0x0000,0x0000,0x0000,0x0000,0x0000,0x0000,0x0000,0x0000,0x0000,0x0000,0x0000,0x0000,
 0x0000,0x0000,0x0000,0x0000,0x0000,0x0000,0x0000,0x0000,0x0000,0x0000,0x0000,0x0000,
 0x0000,0x0000,0x0000,0x0000,0x0000,0x0000,0x0000,0x0000,0x0000,0x0000,0x0000,0x0000,
 0x0000,0x0000,0x0000,0x0000,0x0000,0x0000,0x0000,0x0000,0x0000,0x0000,0x0000,0x0000,
 0x0000,0x0000,0x0000,0x0000,0x0000,0x0000,0x0000,0x0000,0x0000,0x0000,0x0000,0x0000,
 0x0000,0x0000,0x0000,0x0000,0x0000,0x0000,0x0000,0x0000,0x0000,0x0000,0x0000,0x0000,
 0x0000,0x0000,0x0000,0x0000,0x0000,0x0000,0x0000,0x0000,0x0000,0x0000,0x0000,0x0000,
 0x0000,0x0000,0x0000,0x0000,0x0000,0x0000,0x0000,0x0000,0x0000,0x0000,0x0000,0x0000,
 0x0000,0x0000,0x0000,0x0000,0x0000,0x0000,0x0000,0x0000,0x0000,0x0000,0x0000,0x0000,
 0x0000,0x0000,0x0000,0x0000,0x0000,0x0000,0x0000,0x0000,0x0000,0x0000,0x0000,0x0000,
 0x0000,0x0000,0x0000,0x0000,0x0000,0x0000,0x0000,0x0000,0x0000,0x0000,0x0000,0x0000,
 0x0000,0x0000,0x0000,0x0000,0x0000,0x0000,0x0000,0x0000,0x0000,0x0000,0x0000,0x0000,
 0x0000,0x0000,0x0000,0x0000,0x0000,0x0000,0x0000,0x0000,0x0000,0x0000,0x0000,0x0000,
 0x0000,0x0000,0x0000,0x0000,0x0000,0x0000,0x0000,0x0000,0x0000,0x0000,0x0000,0x0000,
 0x0000,0x0000,0x0000,0x0000,0x0000,0x0000,0x0000,0x0000,0x0000,0x0000,0x0000,0x0000,
 0x0000,0x0000,0x0000,0x0000,0x0000,0x0000,0x0000,0x0000,0x0000,0x0000,0x0000,0x0000,
 0x0000,0x0000,0x0000,0x0000,0x0000,0x0000,0x0000,0x0000,0x0000,0x0000,0x0000,0x0000,
 0x0000,0x0000,0x0000,0x0000,0x0000,0x0000,0x0000,0x0000,0x0000,0x0000,0x0000,0x0000,
 0x0000,0x0000,0x0000,0x0000,0x0000,0x0000,0x0000,0x0000,0x0000,0x0000,0x0000,0x0000,
 0x0000,0x0000,0x0000,0x0000,0x0000,0x0000,0x0000,0x0000,0x0000,0x0000,0x0000,0x0000,
 0x0000,0x0000,0x0000,0x0000,0x0000,0x0000,0x0000,0x0000,0x0000,0x0000,0x0000,0x0000,
 0x0000,0x0000,0x0000,0x0000,0x0000,0x0000,0x0000,0x0000,0x0000,0x0000,0x0000,0x0000,
 0x0000,0x0000,0x0000,0x0000,0x0000,0x0000,0x0001,0xe000,0x0000,0x0000,0x0000,0x0000,
 0x0000,0x0000,0x00bf,0xe000,0x0000,0x0000,0x0000,0x0000,0x0000,0x0000,0x01bf,0x8000,
 0x0000,0x0000,0x0000,0x0000,0x0000,0x0000,0x05ff,0x0000,0x0000,0x0000,0x0000,0x0000,
 0x0000,0x0000,0x0ffe,0x0000,0x0000,0x0000,0x0000,0x0000,0x0000,0x0000,0x0ff0,0x0000,
 0x0000,0x0000,0x0000,0x0000,0x0000,0x0000,0x0f00,0x0000,0x0000,0x0000,0x0000,0x0000,
 0x0000,0x0000,0x0000,0x0000,0x0000,0x0000,0x0000,0x0000,0x0000,0x0000,0x0000,0x0000,
 0x0000,0x0000,0x0000,0x0000,0x0000,0x0008,0x0000,0x0000,0xc000,0x0000,0x0000,0x0000,
 0x0000,0x0000,0x0000,0x0000,0xc01c,0x0000,0x0000,0x0000,0x0000,0x0000,0x0000,0x0000,
 0x001c,0x0000,0x0000,0x0000,0x0000,0x0000,0x0000,0x0000,0x001c,0x0000,0x0000,0x0000,
 0x0000,0x0000,0x0000,0x0000,0x0000,0x0000,0x0000,0x0000,0x0000,0x0000,0x0000,0x0000,
 0x0000,0x0000,0x0000,0x0000,0x0000,0x0000,0x0001,0x0000,0x0000,0x0000,0x0000,0x0000,
 0x0000,0x0000,0x0000,0x0000,0x0000,0x0000,0x0000,0x0000,0x0000,0x0000,0x0000,0x0000,
 0x0000,0x0000,0x0000,0x0000,0x0000,0x0000,0x0000,0x0000,0x0000,0x0000,0x0000,0x0000,
 0x0000,0x0000,0x0000,0x0000,0x0000,0x0000,0x0000,0x0000,0x0000,0x0000,0x0000,0x0000,
 0x0000,0x0000,0x0000,0x0000,0x0000,0x0000,0x0000,0x0000,0x0000,0x0000,0x0000,0x0000,
 0x0000,0x0000,0x0000,0x0000,0x0000,0x0000,0x0000,0x0000,0x0000,0x0000,0x0000,0x0000,
 0x0000,0x0000,0x0000,0x0000,0x0000,0x0000,0x0000,0x0000,0x0000,0x0000,0x0000,0x0000,
 0x0000,0x0000,0x0000,0x0000,0x0000,0x0000,0x0000,0x0000,0x0000,0x0000,0x0000,0x0000,
 0x0000,0x0000,0x0000,0x0000,0x0000,0x0000,0x0000,0x0000,0x0000,0x0000,0x0000,0x0000,
 0x0000,0x0000,0x0000,0x0000,0x0000,0x0000,0x0000,0x0000,0x0000,0x0000,0x0000,0x0000,
 0x0000,0x0000,0x0000,0x0000,0x0000,0x0000,0x0000,0x0000,0x0000,0x0000,0x0000,0x0000,
 0x0000,0x0000,0x0000,0x0000,0x0000,0x0000,0x0000,0x0000,0x0000,0x0000,0x0000,0x0000,
 0x0000,0x0000,0x0000,0x0000,0x0000,0x0000,0x0000,0x0000,0x0000,0x0000,0x0000,0x0000,
 0x0000,0x0000,0x0000,0x0000,0x0000,0x0000,0x0000,0x0000,0x0000,0x0000,0x0000,0x0000,
 0x0000,0x0000,0x0000,0x0000,0x0000,0x0000,0x0000,0x0000,0x0000,0x0000,0x0000,0x0000,
 0x0000,0x0000,0x0000,0x0000,0x0000,0x0000,0x0000,0x0000,0x0000,0x0000,0x0000,0x0000,
 0x0000,0x0000,0x0000,0x0000,0x0000,0x0000,0x0000,0x0000,0x0000,0x0000,0x0000,0x0000,
 0x0000,0x0000,0x0000,0x0000,0x0000,0x0000,0x0000,0x0000,0x0000,0x0000,0x0000,0x0000,
 0x0000,0x0000,0x0000,0x0000,0x0000,0x0000,0x0000,0x0000,0x0000,0x0000,0x0000,0x0000,
 0x0000,0x0000,0x0000,0x0000,0x0000,0x0000,0x0000,0x0000,0x0000,0x0000,0x0000,0x0000,
 0x0000,0x0000,0x0000,0x0000,0x0000,0x0000,0x0000,0x0000,0x0000,0x0000,0x0000,0x0000,
 0x0000,0x0000,0x0000,0x0000,0x0000,0x0000,0x0000,0x0000,0x0000,0x0000,0x0000,0x0000,
 0x0000,0x0000,0x0000,0x0000,0x0000,0x0000,0x0000,0x0000,0x0000,0x0000,0x0000,0x0000,
 0x0000,0x0000,0x0000,0x0000,0x0000,0x07c0,0x0000,0x0000,0x0000,0x0000,0x0000,0x0000,
 0x0000,0xffc0,0x0000,0x0000,0x0000,0x0000,0x0000,0x0000,0x0007,0xff80,0x0000,0x0000,
 0x0000,0x0000,0x0000,0x0000,0x003f,0xff00,0x0000,0x0000,0x0000,0x0000,0x0000,0x0000,
 0x007f,0xfc00,0x0000,0x0000,0x0000,0x0000,0x0000,0x0000,0xffff,0xf800,0x0000,0x0000,
 0x0000,0x0000,0x0000,0x0007,0xffff,0xd000,0x0000,0x0000,0x0000,0x0000,0x0000,0x000f,
 0xfeff,0x3000,0x0000,0x0000,0x0000,0x0000,0x0000,0x003f,0xfdfe,0x6000,0x0000,0x0000,
 0x0000,0x0000,0x0000,0x007f,0xfbfe,0xc000,0x0000,0x0000,0x0000,0x0000,0x0000,0x03ff,
 0xffff,0x8000,0x0000,0x0000,0x0000,0x0000,0x0000,0x1fff,0xefff,0x0000,0x0000,0x0000,
 0x0000,0x0000,0x0000,0x7fff,0xdff3,0xfc00,0x0000,0x0000,0x0000,0x0000,0x0000,0xffff,
 0xffff,0xf800,0x0000,0x0000,0x0000,0x0000,0x0001,0x8fff,0xffff,0xf000,0x0000,0x0000,
 0x0000,0x0000,0x003f,0xf7ff,0xfffe,0x4000,0x0000,0x0000,0x0000,0x0000,0x00ff,0xffff,
 0xfff8,0xc000,0x0000,0x0000,0x0000,0x0000,0x01ff,0xefdf,0xff8e,0xe000,0x0000,0x0000,
 0x0000,0x0000,0x07ff,0xffe7,0xfc0e,0xff80,0x0000,0x0000,0x0000,0x0000,0x0fff,0xff3f,
 0xc0ff,0xffc0,0x0000,0x0000,0x0000,0x0000,0x1ffd,0xffff,0xfec1,0xf080,0x0000,0x0000,
 0x0000,0x0000,0xffef,0xffff,0xff80,0xecc0,0x0000,0x0000,0x0000,0x0003,0xffff,0xffff,
 0xdf00,0x4cc0,0x0000,0x0000,0x0000,0x0007,0xbfff,0xffff,0xe600,0x0c40,0x0000,0x0000,
 0x0000,0x0007,0xffff,0xffe3,0xf400,0x0c40,0x0000,0x0000,0x0000,0x001f,0xff3f,0x000b,
 0xf400,0x0c40,0x0000,0x0000,0x0000,0x001f,0x81cb,0xffeb,0xe400,0x0cc0,0x0000,0x0000,
 0x0000,0x0010,0x7ff8,0xfff1,0xfc00,0x1cc0,0x0000,0x0000,0x0000,0x0000,0x041e,0x3fff,
 0xf800,0x1fc0,0x0000,0x0000,0x0000,0x0000,0x0003,0x8fff,0xfa00,0x3f80,0x0000,0x0000,
 0x0000,0x0000,0x0001,0xf1ff,0xf700,0x3c00,0x0000,0x0000,0x0000,0x0000,0x0000,0x7fff,
 0xff80,0x4000,0x0000,0x0000,0x0000,0x0000,0x0000,0x3fbf,0xffc1,0xf000,0x0000,0x0000,
 0x0000,0x0000,0x0000,0x3fff,0xfff1,0xf800,0x0000,0x0000,0x0000,0x0000,0x0000,0x77ff,
 0xf9e0,0x0000,0x0000,0x0000,0x0000,0x0000,0x0000,0xf7ff,0xe380,0x0000,0x0000,0x0000,
 0x0000,0x0000,0x0001,0xefff,0x9f00,0x0000,0x0000,0x0000,0x0000,0x0000,0x0003,0xdffe,
 0x7e00,0x0000,0x0000,0x0000,0x0000,0x0000,0x0007,0xfff9,0xf800,0x0000,0x0000,0x0000,
 0x0000,0x0000,0x0003,0xffef,0xc000,0x0000,0x0000,0x0000,0x0000,0x0000,0x0007,0xfffe,
 0x0000,0x0000,0x0000,0x0000,0x0000,0x0000,0x000f,0xfff8,0x0000,0x0000,0x0000,0x0000,
 0x0000,0x0000,0x003f,0xff80,0x0000,0x0000,0x0000,0x0000,0x0000,0x0000,0x007f,0xf800,
 0x0000,0x0000,0x0000,0x0000,0x0000,0x0000,0x006e,0x0000,0x0000,0x0000,0x0000,0x0000,
 0x0000,0x0000,0x0000,0x0000,0x0000,0x0000,0x0000,0x0000,0x0000,0x0000,0x0000,0x0000,
 0x0000,0x0000,0x0000,0x0000,0x0000,0x0000,0x0000,0x0000,0x0000,0x0000,0x0000,0x0000,
 0x0000,0x0000,0x0000,0x0000,0x0000,0x0000,0x0000,0x0000,0x0000,0x0000,0x0000,0x0000,
 0x0000,0x0000,0x0000,0x0000,0x0000,0x0000,0x0000,0x0000,0x0000,0x0000,0x0000,0x0000,
 0x0000,0x0000,0x0000,0x0000,0x0000,0x0000,0x0000,0x0000,0x0000,0x0000,0x0000,0x0000,
 0x0000,0x0000,0x0000,0x0000,0x0000,0x0000,0x0000,0x0000,0x0000,0x0000,0x0000,0x0000,
 0x0000,0x0000,0x0000,0x0000,0x0000,0x0000,0x0000,0x0000,0x0000,0x0000,0x0000,0x0000,
 0x0000,0x0000,0x0000,0x0000,0x0000,0x0000,0x0000,0x0000,0x0000,0x0000,0x0000,0x0000,
 0x0000,0x0000,0x0000,0x0000,0x0000,0x0000,0x0000,0x0000,0x0000,0x0000,0x0000,0x0000,
 0x0000,0x0000,0x0000,0x0000,0x0000,0x0000,0x0000,0x0000,0x0000,0x0000,0x0000,0x0000,
 0x0000,0x0000,0x0000,0x0000,0x0000,0x0000,0x0000,0x0000,0x0000,0x0000,0x0000,0x0000,
 0x0000,0x0000,0x0000,0x0000,0x0000,0x0000,0x0000,0x0000,0x0000,0x0000,0x0000,0x0000,
 0x0000,0x0000,0x0000,0x0000,0x0000,0x0000,0x0000,0x0000,0x0000,0x0000,0x0000,0x0000,
 0x0000,0x07c0,0x0000,0x0000,0x0000,0x0000,0x0000,0x0000,0x0000,0xffc0,0x0000,0x0000,
 0x0000,0x0000,0x0000,0x0000,0x0007,0xff80,0x0000,0x0000,0x0000,0x0000,0x0000,0x0000,
 0x003f,0xff00,0x0000,0x0000,0x0000,0x0000,0x0000,0x0000,0x007f,0xfc00,0x0000,0x0000,
 0x0000,0x0000,0x0000,0x0000,0xffff,0xf800,0x0000,0x0000,0x0000,0x0000,0x0000,0x0007,
 0xffff,0xf000,0x0000,0x0000,0x0000,0x0000,0x0000,0x000f,0xffff,0xf000,0x0000,0x0000,
 0x0000,0x0000,0x0000,0x003f,0xffff,0xe000,0x0000,0x0000,0x0000,0x0000,0x0000,0x007f,
 0xffff,0xc000,0x0000,0x0000,0x0000,0x0000,0x0000,0x03ff,0xffff,0x8000,0x0000,0x0000,
 0x0000,0x0000,0x0000,0x1fff,0xffff,0x0000,0x0000,0x0000,0x0000,0x0000,0x0000,0x7fff,
 0xffff,0xfc00,0x0000,0x0000,0x0000,0x0000,0x0000,0xffff,0xffff,0xf800,0x0000,0x0000,
 0x0000,0x0000,0x0001,0xffff,0xffff,0xf000,0x0000,0x0000,0x0000,0x0000,0x003f,0xffff,
 0xffff,0xc000,0x0000,0x0000,0x0000,0x0000,0x00ff,0xffff,0xffff,0xc000,0x0000,0x0000,
 0x0000,0x0000,0x01ff,0xffff,0xffff,0xe000,0x0000,0x0000,0x0000,0x0000,0x07ff,0xffff,
 0xffff,0xff80,0x0000,0x0000,0x0000,0x0000,0x0fff,0xffff,0xffff,0xffc0,0x0000,0x0000,
 0x0000,0x0000,0x1fff,0xffff,0xffff,0xff80,0x0000,0x0000,0x0000,0x0000,0xffff,0xffff,
 0xffff,0xffc0,0x0000,0x0000,0x0000,0x0003,0xffff,0xffff,0xffff,0xffc0,0x0000,0x0000,
 0x0000,0x0007,0xffff,0xffff,0xffff,0xffc0,0x0000,0x0000,0x0000,0x000f,0xffff,0xffff,
 0xffff,0xffc0,0x0000,0x0000,0x0000,0x001f,0xffff,0xffff,0xffff,0xffc0,0x0000,0x0000,
 0x0000,0x001f,0xffff,0xffff,0xffff,0xffc0,0x0000,0x0000,0x0000,0x0010,0x7fff,0xffff,
 0xffff,0xffc0,0x0000,0x0000,0x0000,0x0000,0x041f,0xffff,0xffff,0xffc0,0x0000,0x0000,
 0x0000,0x0000,0x0003,0xffff,0xffff,0xff80,0x0000,0x0000,0x0000,0x0000,0x0001,0xffff,
 0xffff,0xfc00,0x0000,0x0000,0x0000,0x0000,0x0000,0x7fff,0xffff,0xc000,0x0000,0x0000,
 0x0000,0x0000,0x0000,0x3fff,0xffff,0xf000,0x0000,0x0000,0x0000,0x0000,0x0000,0x3fff,
 0xfff1,0xf800,0x0000,0x0000,0x0000,0x0000,0x0000,0x7fff,0xffe0,0x0000,0x0000,0x0000,
 0x0000,0x0000,0x0000,0xffff,0xff80,0x0000,0x0000,0x0000,0x0000,0x0000,0x0001,0xffff,
 0xff00,0x0000,0x0000,0x0000,0x0000,0x0000,0x0003,0xffff,0xfe00,0x0000,0x0000,0x0000,
 0x0000,0x0000,0x0007,0xffff,0xf800,0x0000,0x0000,0x0000,0x0000,0x0000,0x0003,0xffff,
 0xc000,0x0000,0x0000,0x0000,0x0000,0x0000,0x0007,0xfffe,0x0000,0x0000,0x0000,0x0000,
 0x0000,0x0000,0x000f,0xfff8,0x0000,0x0000,0x0000,0x0000,0x0000,0x0000,0x003f,0xff80,
 0x0000,0x0000,0x0000,0x0000,0x0000,0x0000,0x007f,0xf800,0x0000,0x0000,0x0000,0x0000,
 0x0000,0x0000,0x007e,0x0000,0x0000,0x0000,0x0000,0x0000,0x0000,0x0000,0x0000,0x0000,
 0x0000,0x0000,0x0000,0x0000,0x0000,0x0000,0x0000,0x0000,0x0000,0x0000,0x0000,0x0000,
 0x0000,0x0000,0x0000,0x0000,0x0000,0x0000,0x0000,0x0000,0x0000,0x0000,0x0000,0x0000,
 0x0000,0x0000,0x0000,0x0000,0x0000,0x0000,0x0000,0x0000,0x0000,0x0000,0x0000,0x0000,
 0x0000,0x0000,0x0000,0x0000,0x0000,0x0000,0x0000,0x0000,0x0000,0x0000,0x0000,0x0000,
 0x0000,0x0000,0x0000,0x0000,0x0000,0x0000,0x0000,0x0000,0x0000,0x0000,0x0000,0x0000,
 0x0000,0x0000,0x0000,0x0000,0x0000,0x0000,0x0000,0x0000,0x0000,0x0000,0x0000,0x0000,
 0x0000,0x0000,0x0000,0x0000,0x0000,0x0000,0x0000,0x0000,0x0000,0x0000,0x0000,0x0000,
 0x0000,0x0000,0x0000,0x0000,0x0000,0x0000,0x0000,0x0000,0x0000,0x0000,0x0000,0x0000,
 0x0000,0x0000,0x0000,0x0000,0x0000,0x0000,0x0000,0x0000,0x0000,0x0000,0x0000,0x0000,
 0x0000,0x0000,0x0000,0x0000,0x0000,0x0000,0x0000,0x0000,0x0000,0x0000,0x0000,0x0000,
 0x0000,0x0000,0x0000,0x0000,0x0000,0x0000,0x0000,0x0000,0x0000,0x0000,0x0000,0x0000,
 0x0000,0x0000,0x0000,0x0000,0x0000,0x0000,0x0000,0x0000,0x0000,0x0000,0x0000,0x0000,
 0x0000,0x0000,0x0000,0x0000,0x0000,0x0000,0x0000,0x0000,0x0000,0x0580,0x0000,0x0000,
 0x0000,0x0000,0x0000,0x0000,0x0000,0x1d40,0x0000,0x0000,0x0000,0x0000,0x0000,0x0000,
 0x0005,0x9800,0x0000,0x0000,0x0000,0x0000,0x0000,0x0000,0x0025,0x0600,0x0000,0x0000,
 0x0000,0x0000,0x0000,0x0000,0x0038,0xf800,0x0000,0x0000,0x0000,0x0000,0x0000,0x0000,
 0x0960,0xe000,0x0000,0x0000,0x0000,0x0000,0x0000,0x0005,0xbd1d,0x2000,0x0000,0x0000,
 0x0000,0x0000,0x0000,0x000d,0x8d3f,0xc000,0x0000,0x0000,0x0000,0x0000,0x0000,0x000c,
 0x637f,0x8000,0x0000,0x0000,0x0000,0x0000,0x0000,0x0013,0x1d7d,0x0000,0x0000,0x0000,
 0x0000,0x0000,0x0000,0x02d3,0x0fc8,0x0000,0x0000,0x0000,0x0000,0x0000,0x0000,0x0fce,
 0xf608,0x0000,0x0000,0x0000,0x0000,0x0000,0x0000,0x3ed4,0xfe0c,0x0400,0x0000,0x0000,
 0x0000,0x0000,0x0000,0xfcf3,0xc9ff,0x0000,0x0000,0x0000,0x0000,0x0000,0x0000,0xf479,
 0x0100,0x8000,0x0000,0x0000,0x0000,0x0000,0x0020,0x9d00,0x00fd,0x8000,0x0000,0x0000,
 0x0000,0x0000,0x00c5,0x2000,0x7fe7,0x0000,0x0000,0x0000,0x0000,0x0000,0x0150,0x5003,
 0xff71,0x0000,0x0000,0x0000,0x0000,0x0000,0x0000,0x9800,0x7bf3,0xf000,0x0000,0x0000,
 0x0000,0x0000,0x0847,0xf803,0x3ffc,0x6840,0x0000,0x0000,0x0000,0x0000,0x0c6a,0x7802,
 0x01be,0x0f00,0x0000,0x0000,0x0000,0x0000,0x78fc,0xfc04,0x3897,0x1b80,0x0000,0x0000,
 0x0000,0x0001,0xff7e,0x7c00,0x270f,0x7300,0x0000,0x0000,0x0000,0x0003,0xc86b,0xff13,
 0xf982,0xf300,0x0000,0x0000,0x0000,0x0001,0x8f3b,0xffff,0x298f,0x3300,0x0000,0x0000,
 0x0000,0x000b,0xc0df,0xfff7,0x2983,0xfb00,0x0000,0x0000,0x0000,0x0018,0x7e35,0x8017,
 0x1980,0xfb80,0x0000,0x0000,0x0000,0x0000,0x0007,0x73fe,0x03e2,0xc300,0x0000,0x0000,
 0x0000,0x0000,0x0001,0xdcc2,0x17e8,0xc080,0x0000,0x0000,0x0000,0x0000,0x0000,0x7611,
 0xfcf0,0x8780,0x0000,0x0000,0x0000,0x0000,0x0000,0x0ff0,0x08fb,0xc000,0x0000,0x0000,
 0x0000,0x0000,0x0000,0x0b10,0x0fdf,0x8000,0x0000,0x0000,0x0000,0x0000,0x0000,0x0177,
 0xdff0,0x0000,0x0000,0x0000,0x0000,0x0000,0x0000,0x032f,0xce10,0x0000,0x0000,0x0000,
 0x0000,0x0000,0x0000,0x6cff,0x3600,0x0000,0x0000,0x0000,0x0000,0x0000,0x0000,0xe77c,
 0xdc00,0x0000,0x0000,0x0000,0x0000,0x0000,0x0000,0x3740,0x6600,0x0000,0x0000,0x0000,
 0x0000,0x0000,0x0000,0x1a0d,0xb000,0x0000,0x0000,0x0000,0x0000,0x0000,0x0005,0x1806,
 0xc000,0x0000,0x0000,0x0000,0x0000,0x0000,0x0000,0x6ff2,0x0000,0x0000,0x0000,0x0000,
 0x0000,0x0000,0x0007,0xbe20,0x0000,0x0000,0x0000,0x0000,0x0000,0x0000,0x0006,0x80c0,
 0x0000,0x0000,0x0000,0x0000,0x0000,0x0000,0x003c,0x7800,0x0000,0x0000,0x0000,0x0000,
 0x0000,0x0000,0x0027,0x0000,0x0000,0x0000,0x0000,0x0000,0x0000,0x0000,0x0050,0x0000,
 0x0000,0x0000,0x0000,0x0000,0x0000,0x0000,0x0000,0x0000,0x0000,0x0000,0x0000,0x0000,
 0x0000,0x0000,0x0000,0x0000,0x0000,0x0000,0x0000,0x0000,0x0000,0x0000,0x0000,0x0000,
 0x0000,0x0000,0x0000,0x0000,0x0000,0x0000,0x0000,0x0000,0x0000,0x0000,0x0000,0x0000,
 0x0000,0x0000,0x0000,0x0000,0x0000,0x0000,0x0000,0x0000,0x0000,0x0000,0x0000,0x0000,
 0x0000,0x0000,0x0000,0x0000,0x0000,0x0000,0x0000,0x0000,0x0000,0x0000,0x0000,0x0000,
 0x0000,0x0000,0x0000,0x0000,0x0000,0x0000,0x0000,0x0000,0x0000,0x0000,0x0000,0x0000,
 0x0000,0x0000,0x0000,0x0000,0x0000,0x0000,0x0000,0x0000,0x0000,0x0000,0x0000,0x0000,
 0x0000,0x0000,0x0000,0x0000,0x0000,0x0000,0x0000,0x0000,0x0000,0x0000,0x0000,0x0000,
 0x0000,0x0000,0x0000,0x0000,0x0000,0x0000,0x0000,0x0000,0x0000,0x0000,0x0000,0x0000,
 0x0000,0x0000,0x0000,0x0000,0x0000,0x0000,0x0000,0x0000,0x0000,0x0000,0x0000,0x0000,
 0x0000,0x0000,0x0000,0x0000,0x0000,0x0000,0x0000,0x0000,0x0000,0x0000,0x0000,0x0000,
 0x0000,0x0000,0x0000,0x0000,0x0000,0x0000,0x0000,0x0000,0x0000,0x0000,0x0000,0x0000,
 0x0000,0x0000,0x0000,0x0000,0x0000,0x0000,0x0000,0x0000,0x0000,0x0000,0x0000,0x0000,
 0x0000,0x0000,0x0000,0x0000,0x0000,0x03c0,0x0000,0x0000,0x0000,0x0000,0x0000,0x0000,
 0x0000,0xfe80,0x0000,0x0000,0x0000,0x0000,0x0000,0x0000,0x0003,0xe000,0x0000,0x0000,
 0x0000,0x0000,0x0000,0x0000,0x001e,0x0000,0x0000,0x0000,0x0000,0x0000,0x0000,0x0000,
 0x0070,0x0000,0x0000,0x0000,0x0000,0x0000,0x0000,0x0000,0xf020,0x0000,0x0000,0x0000,
 0x0000,0x0000,0x0000,0x0003,0xc260,0x0000,0x0000,0x0000,0x0000,0x0000,0x0000,0x0002,
 0x70c0,0x0000,0x0000,0x0000,0x0000,0x0000,0x0000,0x0003,0x8180,0x0000,0x0000,0x0000,
 0x0000,0x0000,0x0000,0x007c,0x0300,0x0000,0x0000,0x0000,0x0000,0x0000,0x0000,0x01e0,
 0x3000,0x0000,0x0000,0x0000,0x0000,0x0000,0x0000,0x1e00,0x0000,0x0000,0x0000,0x0000,
 0x0000,0x0000,0x0000,0x7800,0x0000,0x7800,0x0000,0x0000,0x0000,0x0000,0x0000,0xe000,
 0x3000,0xf800,0x0000,0x0000,0x0000,0x0000,0x0000,0x0386,0x60ff,0x0000,0x0000,0x0000,
 0x0000,0x0000,0x001f,0x06fc,0xff00,0x0000,0x0000,0x0000,0x0000,0x0000,0x007a,0x07ff,
 0x8000,0x0000,0x0000,0x0000,0x0000,0x0000,0x00e0,0x0ffc,0x0000,0x0000,0x0000,0x0000,
 0x0000,0x0000,0x03c0,0x1f1f,0x8000,0x0f80,0x0000,0x0000,0x0000,0x0000,0x0700,0x371c,
 0x0007,0x0780,0x0000,0x0000,0x0000,0x0000,0x1000,0xe71c,0x0001,0x0000,0x0000,0x0000,
 0x0000,0x0000,0xc003,0xc3f8,0x0078,0x8300,0x0000,0x0000,0x0000,0x0003,0xc01d,0x83f8,
 0x03e0,0x8300,0x0000,0x0000,0x0000,0x0007,0x3f30,0x00e0,0x0600,0x0380,0x0000,0x0000,
 0x0000,0x000e,0x7064,0x0000,0x8605,0xc380,0x0000,0x0000,0x0000,0x001c,0x0000,0x0000,
 0x8601,0x0380,0x0000,0x0000,0x0000,0x0010,0x0000,0x0000,0x0601,0x0300,0x0000,0x0000,
 0x0000,0x0000,0x0000,0x0000,0x0000,0x0300,0x0000,0x0000,0x0000,0x0000,0x0000,0x0000,
 0x0000,0x0000,0x0000,0x0000,0x0000,0x0000,0x0000,0x000e,0x0000,0x0000,0x0000,0x0000,
 0x0000,0x0000,0x0000,0x0028,0x0000,0x0000,0x0000,0x0000,0x0000,0x0000,0x0000,0x00cf,
 0xe000,0x0000,0x0000,0x0000,0x0000,0x0000,0x0000,0x0e18,0x2000,0x0000,0x0000,0x0000,
 0x0000,0x0000,0x0000,0x0470,0x0000,0x0000,0x0000,0x0000,0x0000,0x0000,0x0000,0x00c0,
 0x0000,0x0000,0x0000,0x0000,0x0000,0x0000,0x0000,0x0980,0x0000,0x0000,0x0000,0x0000,
 0x0000,0x0000,0x0001,0x9000,0x0000,0x0000,0x0000,0x0000,0x0000,0x0000,0x0003,0x2c00,
 0x0000,0x0000,0x0000,0x0000,0x0000,0x0000,0x0002,0x3ff0,0x0000,0x0000,0x0000,0x0000,
 0x0000,0x0000,0x0000,0xf000,0x0000,0x0000,0x0000,0x0000,0x0000,0x0000,0x0003,0xc000,
 0x0000,0x0000,0x0000,0x0000,0x0000,0x0000,0x000f,0x0000,0x0000,0x0000,0x0000,0x0000,
 0x0000,0x0000,0x0018,0x0000,0x0000,0x0000,0x0000,0x0000,0x0000,0x0000,0x0070,0x0000,
 0x0000,0x0000,0x0000,0x0000,0x0000,0x0000,0x0000,0x0000,0x0000,0x0000,0x0000,0x0000,
 0x0000,0x0000,0x0000,0x0000,0x0000,0x0000,0x0000,0x0000,0x0000,0x0000,0x0000,0x0000,
 0x0000,0x0000,0x0000,0x0000,0x0000,0x0000,0x0000,0x0000,0x0000,0x0000,0x0000,0x0000,
 0x0000,0x0000,0x0000,0x0000,0x0000,0x0000,0x0000,0x0000,0x0000,0x0000,0x0000,0x0000,
 0x0000,0x0000,0x0000,0x0000,0x0000,0x0000,0x0000,0x0000,0x0000,0x0000,0x0000,0x0000,
 0x0000,0x0000,0x0000,0x0000,0x0000,0x0000,0x0000,0x0000,0x0000,0x0000,0x0000,0x0000,
 0x0000,0x0000,0x0000,0x0000,0x0000,0x0000,0x0000,0x0000,0x0000,0x0000,0x0000,0x0000,
 0x0000,0x0000,0x0000,0x0000,0x0000,0x0000,0x0000,0x0000,0x0000,0x0000,0x0000,0x0000,
 0x0000,0x0000,0x0000,0x0000,0x0000,0x0000,0x0000,0x0000,0x0000,0x0000,0x0000,0x0000,
 0x0000,0x0000,0x0000,0x0000,0x0000,0x0000,0x0000,0x0000,0x0000,0x0000,0x0000,0x0000,
 0x0000,0x0000,0x0000,0x0000,0x0000,0x0000,0x0000,0x0000,0x0000,0x0000,0x0000,0x0000,
 0x0000,0x0000,0x0000,0x0000,0x0000,0x0000,0x0000,0x0000,0x0000,0x0000,0x0000,0x0000,
 0x0000,0x0000,0x0000,0x0000,0x0000,0x0000,0x0000,0x0000,0x0000,0x0000,0x0000,0x0000,
 0x0000,0x0000,0x0000,0x0000,0x0000,0x0000,0x0000,0x0000,0x0000,0x0000,0x0000,0x0000,
 0x0000,0x0000,0x0000,0x0000,0x0000,0x0000,0x0000,0x0000,0x0000,0x0000,0x0000,0x0000,
 0x0000,0x0000,0x0000,0x0000,0x0000,0x0000,0x0000,0x0000,0x0000,0x0000,0x0000,0x0000,
 0x0000,0x0000,0x0000,0x0000,0x0000,0x0000,0x0000,0x0000,0x0000,0x0000,0x0000,0x0000,
 0x0000,0x0000,0x0000,0x0000,0x0000,0x0000,0x0000,0x0000,0x0000,0x0000,0x0000,0x0000,
 0x0000,0x0000,0x0000,0x0000,0x0000,0x0000,0x0000,0x0000,0x0000,0x0000,0x0000,0x0000,
 0x0000,0x0000,0x0000,0x0000,0x0000,0x0000,0x0000,0x0000,0x0000,0x0000,0x0000,0x0000,
 0x0000,0x0000,0x0000,0x0000,0x0000,0x0000,0x0000,0x0000,0x0000,0x0000,0x0000,0x0000,
 0x0000,0x0000,0x0000,0x0000,0x0000,0x0000,0x0000,0x0000,0x0000,0x0000,0x0000,0x0000,
 0x0000,0x0000,0x0000,0x0000,0x0000,0x0000,0x0000,0x0000,0x0000,0x0000,0x0000,0x0000,
 0x0000,0x0000,0x0000,0x0000,0x0000,0x0000,0x0000,0x0000,0x0000,0x0000,0x0001,0xe000,
 0x0000,0x0000,0x0000,0x0000,0x0000,0x0000,0x00bf,0xe000,0x0000,0x0000,0x0000,0x0000,
 0x0000,0x0000,0x01bf,0x8000,0x0000,0x0000,0x0000,0x0000,0x0000,0x0000,0x05ff,0x00e0,
 0x0000,0x0000,0x0000,0x0000,0x0000,0x0000,0x0ffe,0x00e0,0x0000,0x0000,0x0000,0x0000,
 0x0000,0x0000,0x0ff0,0x00e0,0x0000,0x0000,0x0000,0x0000,0x0000,0x0000,0x0f00,0x0000,
 0x0000,0x0000,0x0000,0x0000,0x0000,0x0000,0x0000,0x0000,0x0000,0x0000,0x0000,0x0000,
 0x0000,0x0000,0x0000,0x0000,0x0000,0x0000,0x0000,0x0000,0x0000,0x0008,0x0000,0x0000,
 0xc010,0x0000,0x0000,0x0000,0x0000,0x0000,0x0000,0x0000,0xc01c,0x0000,0x0000,0x0000,
 0x0000,0x0000,0x0000,0x0000,0x001c,0x0000,0x0000,0x0000,0x0000,0x0000,0x0000,0x0000,
 0x001c,0x0000,0x0000,0x0000,0x0000,0x0000,0x0000,0x0000,0x0000,0x0000,0x0000,0x0000,
 0x0000,0x0000,0x0000,0x0000,0x0000,0x0000,0x0000,0x0000,0x0000,0x0000,0x0001,0x0000,
 0x0000,0x0000,0x0000,0x0000,0x0000,0x0000,0x0000,0x0000,0x0000,0x0000,0x0000,0x0000,
 0x0000,0x0000,0x0000,0x0000,0x0000,0x0000,0x0000,0x0000,0x0000,0x0000,0x0000,0x0000,
 0x0000,0x0000,0x0000,0x0000,0x0000,0x0000,0x0000,0x0000,0x0000,0x0000,0x0000,0x0000,
 0x0000,0x0000,0x0000,0x0000,0x0000,0x0000,0x0000,0x0000,0x0000,0x0000,0x0000,0x0000,
 0x0000,0x0000,0x0000,0x0000,0x0000,0x0000,0x0000,0x0000,0x0000,0x0000,0x0000,0x0000,
 0x0000,0x0000,0x0000,0x0000,0x0000,0x0000,0x0000,0x0000,0x0000,0x0000,0x0000,0x0000,
 0x0000,0x0000,0x0000,0x0000,0x0000,0x0000,0x0000,0x0000,0x0000,0x0000,0x0000,0x0000,
 0x0000,0x0000,0x0000,0x0000,0x0000,0x0000,0x0000,0x0000,0x0000,0x0000,0x0000,0x0000,
 0x0000,0x0000,0x0000,0x0000,0x0000,0x0000,0x0000,0x0000,0x0000,0x0000,0x0000,0x0000,
 0x0000,0x0000,0x0000,0x0000,0x0000,0x0000,0x0000,0x0000,0x0000,0x0000,0x0000,0x0000,
 0x0000,0x0000,0x0000,0x0000,0x0000,0x0000,0x0000,0x0000,0x0000,0x0000,0x0000,0x0000,
 0x0000,0x0000,0x0000,0x0000,0x0000,0x0000,0x0000,0x0000,0x0000,0x0000,0x0000,0x0000,
 0x0000,0x0000,0x0000,0x0000,0x0000,0x0000,0x0000,0x0000,0x0000,0x0000,0x0000,0x0000,
 0x0000,0x0000,0x0000,0x0000,0x0000,0x0000,0x0000,0x0000,0x0000,0x0000,0x0000,0x0000,
 0x0000,0x0000,0x0000,0x0000,0x0000,0x0000,0x0000,0x0000,0x0000,0x0000,0x0000,0x0000,
 0x0000,0x0000,0x0000,0x0000,0x0000,0x0000,0x0000,0x0000,0x0000,0x0000,0x0000,0x0000,
 0x0000,0x0000,0x0000,0x0000,0x0000,0x0000,0x0000,0x0000,0x0000,0x0000,0x0000,0x0000,
 0x0000,0x0000,0x0000,0x0000,0x0000,0x0000,0x0000,0x0000,0x0000,0x0000,0x0000,0x0000,
 0x0000,0x0000,0x0000,0x0000,0x0000,0x0000,0x0000,0x0000,0x0000,0x0000,0x0000,0x0000,
 0x0000,0x0000,0x0000,0x0000,0x0000,0x0000,0x0000,0x0000,0x0000,0x0000,0x0000,0x0000,
 0x0000,0x0000,0x0000,0x0000,0x0000,0x0000,0x0000,0x0000,0x0000,0x0000,0x0000,0x0000,
 0x0000,0x0000,0x0000,0x0000,0x0000,0x0000,0x0000,0x0000,0x0000,0x0000,0x0000,0x0000,
 0x0000,0x0000,0x0000,0x0000,0x0000,0x0000,0x0000,0x0000,0x0000,0x07c0,0x0000,0x0000,
 0x0000,0x0000,0x0000,0x0000,0x0000,0xffc0,0x0000,0x0000,0x0000,0x0000,0x0000,0x0000,
 0x0007,0xff80,0x0000,0x0000,0x0000,0x0000,0x0000,0x0000,0x003f,0xff00,0x0000,0x0000,
 0x0000,0x0000,0x0000,0x0000,0x007f,0xfc00,0x0000,0x0000,0x0000,0x0000,0x0000,0x0000,
 0xffff,0xf800,0x0000,0x0000,0x0000,0x0000,0x0000,0x0007,0xffff,0xd000,0x0000,0x0000,
 0x0000,0x0000,0x0000,0x000f,0xfeff,0x3000,0x0000,0x0000,0x0000,0x0000,0x0000,0x003f,
 0xfdfe,0x6000,0x0000,0x0000,0x0000,0x0000,0x0000,0x007f,0xfbfe,0xc000,0x0000,0x0000,
 0x0000,0x0000,0x0000,0x03ff,0xffff,0x8000,0x0000,0x0000,0x0000,0x0000,0x0000,0x1fff,
 0xefff,0x0000,0x0000,0x0000,0x0000,0x0000,0x0000,0x7fff,0xdff3,0xfc00,0x0000,0x0000,
 0x0000,0x0000,0x0000,0xffff,0xffff,0xf800,0x0000,0x0000,0x0000,0x0000,0x0001,0x8fff,
 0xffff,0xf000,0x0000,0x0000,0x0000,0x0000,0x003f,0xf71f,0xfffe,0x4000,0x0000,0x0000,
 0x0000,0x0000,0x00ff,0xfc07,0xfff8,0xc000,0x0000,0x0000,0x0000,0x0000,0x01ff,0xec07,
 0xff8e,0xe000,0x0000,0x0000,0x0000,0x0000,0x07ff,0xf803,0xfc0e,0xff80,0x0000,0x0000,
 0x0000,0x0000,0x0fff,0xf803,0xc0ff,0xffc0,0x0000,0x0000,0x0000,0x0000,0x1ffd,0xf803,
 0xfedf,0xf080,0x0000,0x0000,0x0000,0x0000,0xffef,0xfc07,0xffff,0xecc0,0x0000,0x0000,
 0x0000,0x0003,0xffff,0xfc07,0xdfff,0xccc0,0x0000,0x0000,0x0000,0x0007,0xbfff,0xff1f,
 0xe7fd,0xcc40,0x0000,0x0000,0x0000,0x0007,0xffff,0xffe3,0xf7ea,0x4c40,0x0000,0x0000,
 0x0000,0x001f,0xff3f,0x000b,0xf7e2,0xcc40,0x0000,0x0000,0x0000,0x001f,0x81cb,0xffeb,
 0xe7e2,0xccc0,0x0000,0x0000,0x0000,0x0010,0x7ff8,0xfff1,0xffe3,0xbcc0,0x0000,0x0000,
 0x0000,0x0000,0x041e,0x3fff,0xf81f,0x3fc0,0x0000,0x0000,0x0000,0x0000,0x0003,0x8fff,
 0xfb0f,0x7f80,0x0000,0x0000,0x0000,0x0000,0x0001,0xf1ff,0xf704,0x3c00,0x0000,0x0000,
 0x0000,0x0000,0x0000,0x7fff,0xffe0,0x4000,0x0000,0x0000,0x0000,0x0000,0x0000,0x3fbf,
 0xffff,0xf000,0x0000,0x0000,0x0000,0x0000,0x0000,0x3fff,0xfff1,0xf800,0x0000,0x0000,
 0x0000,0x0000,0x0000,0x77ff,0xf9e0,0x0000,0x0000,0x0000,0x0000,0x0000,0x0000,0xf7ff,
 0xe380,0x0000,0x0000,0x0000,0x0000,0x0000,0x0001,0xefff,0x9f00,0x0000,0x0000,0x0000,
 0x0000,0x0000,0x0003,0xdffe,0x7e00,0x0000,0x0000,0x0000,0x0000,0x0000,0x0007,0xfff9,
 0xf800,0x0000,0x0000,0x0000,0x0000,0x0000,0x0003,0xffef,0xc000,0x0000,0x0000,0x0000,
 0x0000,0x0000,0x0007,0xfffe,0x0000,0x0000,0x0000,0x0000,0x0000,0x0000,0x000f,0xfff8,
 0x0000,0x0000,0x0000,0x0000,0x0000,0x0000,0x003f,0xff80,0x0000,0x0000,0x0000,0x0000,
 0x0000,0x0000,0x007f,0xf800,0x0000,0x0000,0x0000,0x0000,0x0000,0x0000,0x006e,0x0000,
 0x0000,0x0000,0x0000,0x0000,0x0000,0x0000,0x0000,0x0000,0x0000,0x0000,0x0000,0x0000,
 0x0000,0x0000,0x0000,0x0000,0x0000,0x0000,0x0000,0x0000,0x0000,0x0000,0x0000,0x0000,
 0x0000,0x0000,0x0000,0x0000,0x0000,0x0000,0x0000,0x0000,0x0000,0x0000,0x0000,0x0000,
 0x0000,0x0000,0x0000,0x0000,0x0000,0x0000,0x0000,0x0000,0x0000,0x0000,0x0000,0x0000,
 0x0000,0x0000,0x0000,0x0000,0x0000,0x0000,0x0000,0x0000,0x0000,0x0000,0x0000,0x0000,
 0x0000,0x0000,0x0000,0x0000,0x0000,0x0000,0x0000,0x0000,0x0000,0x0000,0x0000,0x0000,
 0x0000,0x0000,0x0000,0x0000,0x0000,0x0000,0x0000,0x0000,0x0000,0x0000,0x0000,0x0000,
 0x0000,0x0000,0x0000,0x0000,0x0000,0x0000,0x0000,0x0000,0x0000,0x0000,0x0000,0x0000,
 0x0000,0x0000,0x0000,0x0000,0x0000,0x0000,0x0000,0x0000,0x0000,0x0000,0x0000,0x0000,
 0x0000,0x0000,0x0000,0x0000,0x0000,0x0000,0x0000,0x0000,0x0000,0x0000,0x0000,0x0000,
 0x0000,0x0000,0x0000,0x0000,0x0000,0x0000,0x0000,0x0000,0x0000,0x0000,0x0000,0x0000,
 0x0000,0x0000,0x0000,0x0000,0x0000,0x0000,0x0000,0x0000,0x0000,0x0000,0x0000,0x0000,
 0x0000,0x0000,0x0000,0x0000,0x0000,0x0000,0x0000,0x0000,0x0000,0x0000,0x0000,0x0000,
 0x0000,0x0000,0x0000,0x0000,0x0000,0x07c0,0x0000,0x0000,0x0000,0x0000,0x0000,0x0000,
 0x0000,0xffc0,0x0000,0x0000,0x0000,0x0000,0x0000,0x0000,0x0007,0xff80,0x0000,0x0000,
 0x0000,0x0000,0x0000,0x0000,0x003f,0xff00,0x0000,0x0000,0x0000,0x0000,0x0000,0x0000,
 0x007f,0xfc00,0x0000,0x0000,0x0000,0x0000,0x0000,0x0000,0xffff,0xf800,0x0000,0x0000,
 0x0000,0x0000,0x0000,0x0007,0xffff,0xf000,0x0000,0x0000,0x0000,0x0000,0x0000,0x000f,
 0xffff,0xf000,0x0000,0x0000,0x0000,0x0000,0x0000,0x003f,0xffff,0xe000,0x0000,0x0000,
 0x0000,0x0000,0x0000,0x007f,0xffff,0xc000,0x0000,0x0000,0x0000,0x0000,0x0000,0x03ff,
 0xffff,0x8000,0x0000,0x0000,0x0000,0x0000,0x0000,0x1fff,0xffff,0x0000,0x0000,0x0000,
 0x0000,0x0000,0x0000,0x7fff,0xffff,0xfc00,0x0000,0x0000,0x0000,0x0000,0x0000,0xffff,
 0xffff,0xf800,0x0000,0x0000,0x0000,0x0000,0x0001,0xffff,0xffff,0xf000,0x0000,0x0000,
 0x0000,0x0000,0x003f,0xffff,0xffff,0xc000,0x0000,0x0000,0x0000,0x0000,0x00ff,0xffff,
 0xffff,0xc000,0x0000,0x0000,0x0000,0x0000,0x01ff,0xffff,0xffff,0xe000,0x0000,0x0000,
 0x0000,0x0000,0x07ff,0xffff,0xffff,0xff80,0x0000,0x0000,0x0000,0x0000,0x0fff,0xffff,
 0xffff,0xffc0,0x0000,0x0000,0x0000,0x0000,0x1fff,0xffff,0xffff,0xff80,0x0000,0x0000,
 0x0000,0x0000,0xffff,0xffff,0xffff,0xffc0,0x0000,0x0000,0x0000,0x0003,0xffff,0xffff,
 0xffff,0xffc0,0x0000,0x0000,0x0000,0x0007,0xffff,0xffff,0xffff,0xffc0,0x0000,0x0000,
 0x0000,0x000f,0xffff,0xffff,0xffff,0xffc0,0x0000,0x0000,0x0000,0x001f,0xffff,0xffff,
 0xffff,0xffc0,0x0000,0x0000,0x0000,0x001f,0xffff,0xffff,0xffff,0xffc0,0x0000,0x0000,
 0x0000,0x0010,0x7fff,0xffff,0xffff,0xffc0,0x0000,0x0000,0x0000,0x0000,0x041f,0xffff,
 0xffff,0xffc0,0x0000,0x0000,0x0000,0x0000,0x0003,0xffff,0xffff,0xff80,0x0000,0x0000,
 0x0000,0x0000,0x0001,0xffff,0xffff,0xfc00,0x0000,0x0000,0x0000,0x0000,0x0000,0x7fff,
 0xffff,0xc000,0x0000,0x0000,0x0000,0x0000,0x0000,0x3fff,0xffff,0xf000,0x0000,0x0000,
 0x0000,0x0000,0x0000,0x3fff,0xfff1,0xf800,0x0000,0x0000,0x0000,0x0000,0x0000,0x7fff,
 0xffe0,0x0000,0x0000,0x0000,0x0000,0x0000,0x0000,0xffff,0xff80,0x0000,0x0000,0x0000,
 0x0000,0x0000,0x0001,0xffff,0xff00,0x0000,0x0000,0x0000,0x0000,0x0000,0x0003,0xffff,
 0xfe00,0x0000,0x0000,0x0000,0x0000,0x0000,0x0007,0xffff,0xf800,0x0000,0x0000,0x0000,
 0x0000,0x0000,0x0003,0xffff,0xc000,0x0000,0x0000,0x0000,0x0000,0x0000,0x0007,0xfffe,
 0x0000,0x0000,0x0000,0x0000,0x0000,0x0000,0x000f,0xfff8,0x0000,0x0000,0x0000,0x0000,
 0x0000,0x0000,0x003f,0xff80,0x0000,0x0000,0x0000,0x0000,0x0000,0x0000,0x007f,0xf800,
 0x0000,0x0000,0x0000,0x0000,0x0000,0x0000,0x007e,0x0000,0x0000,0x0000,0x0000,0x0000,
 0x0000,0x0000,0x0000,0x0000,0x0000,0x0000,0x0000,0x0000,0x0000,0x0000,0x0000,0x0000,
 0x0000,0x0000,0x0000,0x0000,0x0000,0x0000,0x0000,0x0000,0x0000,0x0000,0x0000,0x0000,
 0x0000,0x0000,0x0000,0x0000,0x0000,0x0000,0x0000,0x0000,0x0000,0x0000,0x0000,0x0000,
 0x0000,0x0000,0x0000,0x0000,0x0000,0x0000,0x0000,0x0000,0x0000,0x0000,0x0000,0x0000,
 0x0000,0x0000,0x0000,0x0000,0x0000,0x0000,0x0000,0x0000,0x0000,0x0000,0x0000,0x0000,
 0x0000,0x0000,0x0000,0x0000,0x0000,0x0000,0x0000,0x0000,0x0000,0x0000,0x0000,0x0000,
 0x0000,0x0000,0x0000,0x0000,0x0000,0x0000,0x0000,0x0000,0x0000,0x0000,0x0000,0x0000,
 0x0000,0x0000,0x0000,0x0000,0x0000,0x0000,0x0000,0x0000,0x0000,0x0000,0x0000,0x0000,
 0x0000,0x0000,0x0000,0x0000,0x0000,0x0000,0x0000,0x0000,0x0000,0x0000,0x0000,0x0000,
 0x0000,0x0000,0x0000,0x0000,0x0000,0x0000,0x0000,0x0000,0x0000,0x0000,0x0000,0x0000,
 0x0000,0x0000,0x0000,0x0000,0x0000,0x0000,0x0000,0x0000,0x0000,0x0000,0x0000,0x0000,
 0x0000,0x0000,0x0000,0x0000,0x0000,0x0000,0x0000,0x0000,0x0000,0x0000,0x0000,0x0000,
 0x0000,0x0000,0x0000,0x0000,0x0000,0x0000,0x0000,0x0000,0x0000,0x0000,0x0000,0x0000,
 0x0000,0x0580,0x0000,0x0000,0x0000,0x0000,0x0000,0x0000,0x0000,0x1d40,0x0000,0x0000,
 0x0000,0x0000,0x0000,0x0000,0x0005,0x9800,0x0000,0x0000,0x0000,0x0000,0x0000,0x0000,
 0x0025,0x0600,0x0000,0x0000,0x0000,0x0000,0x0000,0x0000,0x0038,0xf800,0x0000,0x0000,
 0x0000,0x0000,0x0000,0x0000,0x0960,0xe000,0x0000,0x0000,0x0000,0x0000,0x0000,0x0005,
 0xbd1d,0x2000,0x0000,0x0000,0x0000,0x0000,0x0000,0x000d,0x8d3f,0xc000,0x0000,0x0000,
 0x0000,0x0000,0x0000,0x000c,0x637f,0x8000,0x0000,0x0000,0x0000,0x0000,0x0000,0x0013,
 0x1d7d,0x0000,0x0000,0x0000,0x0000,0x0000,0x0000,0x02d3,0x0fc8,0x0000,0x0000,0x0000,
 0x0000,0x0000,0x0000,0x0fce,0xf608,0x0000,0x0000,0x0000,0x0000,0x0000,0x0000,0x3ed4,
 0xfe0c,0x0400,0x0000,0x0000,0x0000,0x0000,0x0000,0xfcf3,0xc9ff,0x0000,0x0000,0x0000,
 0x0000,0x0000,0x0000,0xf479,0x0100,0x8000,0x0000,0x0000,0x0000,0x0000,0x0020,0x9d20,
 0x00fd,0x8000,0x0000,0x0000,0x0000,0x0000,0x00c5,0x2000,0x7fe7,0x0000,0x0000,0x0000,
 0x0000,0x0000,0x0150,0x5003,0xff71,0x0000,0x0000,0x0000,0x0000,0x0000,0x0000,0x9800,
 0x7bf3,0xf000,0x0000,0x0000,0x0000,0x0000,0x0847,0xfc07,0x3ffc,0x6840,0x0000,0x0000,
 0x0000,0x0000,0x0c6a,0x7c06,0x01be,0x0f00,0x0000,0x0000,0x0000,0x0000,0x78fc,0xfc0c,
 0x3897,0x1b80,0x0000,0x0000,0x0000,0x0001,0xff7e,0x7f18,0x270f,0x7300,0x0000,0x0000,
 0x0000,0x0003,0xc86b,0xfff3,0xf982,0xf300,0x0000,0x0000,0x0000,0x0001,0x8f3b,0xffff,
 0x298f,0x3300,0x0000,0x0000,0x0000,0x000b,0xc0df,0xfff7,0x299f,0xfb00,0x0000,0x0000,
 0x0000,0x0018,0x7e35,0x8017,0x1980,0xfb80,0x0000,0x0000,0x0000,0x0000,0x0007,0x73fe,
 0x03fe,0xc300,0x0000,0x0000,0x0000,0x0000,0x0001,0xdcc2,0x17e8,0xc080,0x0000,0x0000,
 0x0000,0x0000,0x0000,0x7611,0xfcf0,0x8780,0x0000,0x0000,0x0000,0x0000,0x0000,0x0ff0,
 0x08fb,0xc000,0x0000,0x0000,0x0000,0x0000,0x0000,0x0b10,0x0fdf,0x8000,0x0000,0x0000,
 0x0000,0x0000,0x0000,0x0177,0xdff0,0x0000,0x0000,0x0000,0x0000,0x0000,0x0000,0x032f,
 0xce10,0x0000,0x0000,0x0000,0x0000,0x0000,0x0000,0x6cff,0x3600,0x0000,0x0000,0x0000,
 0x0000,0x0000,0x0000,0xe77c,0xdc00,0x0000,0x0000,0x0000,0x0000,0x0000,0x0000,0x3740,
 0x6600,0x0000,0x0000,0x0000,0x0000,0x0000,0x0000,0x1a0d,0xb000,0x0000,0x0000,0x0000,
 0x0000,0x0000,0x0005,0x1806,0xc000,0x0000,0x0000,0x0000,0x0000,0x0000,0x0000,0x6ff2,
 0x0000,0x0000,0x0000,0x0000,0x0000,0x0000,0x0007,0xbe20,0x0000,0x0000,0x0000,0x0000,
 0x0000,0x0000,0x0006,0x80c0,0x0000,0x0000,0x0000,0x0000,0x0000,0x0000,0x003c,0x7800,
 0x0000,0x0000,0x0000,0x0000,0x0000,0x0000,0x0027,0x0000,0x0000,0x0000,0x0000,0x0000,
 0x0000,0x0000,0x0050,0x0000,0x0000,0x0000,0x0000,0x0000,0x0000,0x0000,0x0000,0x0000,
 0x0000,0x0000,0x0000,0x0000,0x0000,0x0000,0x0000,0x0000,0x0000,0x0000,0x0000,0x0000,
 0x0000,0x0000,0x0000,0x0000,0x0000,0x0000,0x0000,0x0000,0x0000,0x0000,0x0000,0x0000,
 0x0000,0x0000,0x0000,0x0000,0x0000,0x0000,0x0000,0x0000,0x0000,0x0000,0x0000,0x0000,
 0x0000,0x0000,0x0000,0x0000,0x0000,0x0000,0x0000,0x0000,0x0000,0x0000,0x0000,0x0000,
 0x0000,0x0000,0x0000,0x0000,0x0000,0x0000,0x0000,0x0000,0x0000,0x0000,0x0000,0x0000,
 0x0000,0x0000,0x0000,0x0000,0x0000,0x0000,0x0000,0x0000,0x0000,0x0000,0x0000,0x0000,
 0x0000,0x0000,0x0000,0x0000,0x0000,0x0000,0x0000,0x0000,0x0000,0x0000,0x0000,0x0000,
 0x0000,0x0000,0x0000,0x0000,0x0000,0x0000,0x0000,0x0000,0x0000,0x0000,0x0000,0x0000,
 0x0000,0x0000,0x0000,0x0000,0x0000,0x0000,0x0000,0x0000,0x0000,0x0000,0x0000,0x0000,
 0x0000,0x0000,0x0000,0x0000,0x0000,0x0000,0x0000,0x0000,0x0000,0x0000,0x0000,0x0000,
 0x0000,0x0000,0x0000,0x0000,0x0000,0x0000,0x0000,0x0000,0x0000,0x0000,0x0000,0x0000,
 0x0000,0x0000,0x0000,0x0000,0x0000,0x0000,0x0000,0x0000,0x0000,0x0000,0x0000,0x0000,
 0x0000,0x0000,0x0000,0x0000,0x0000,0x0000,0x0000,0x0000,0x0000,0x03c0,0x0000,0x0000,
 0x0000,0x0000,0x0000,0x0000,0x0000,0xfe80,0x0000,0x0000,0x0000,0x0000,0x0000,0x0000,
 0x0003,0xe000,0x0000,0x0000,0x0000,0x0000,0x0000,0x0000,0x001e,0x0000,0x0000,0x0000,
 0x0000,0x0000,0x0000,0x0000,0x0070,0x0000,0x0000,0x0000,0x0000,0x0000,0x0000,0x0000,
 0xf020,0x0000,0x0000,0x0000,0x0000,0x0000,0x0000,0x0003,0xc260,0x0000,0x0000,0x0000,
 0x0000,0x0000,0x0000,0x0002,0x70c0,0x0000,0x0000,0x0000,0x0000,0x0000,0x0000,0x0003,
 0x8180,0x0000,0x0000,0x0000,0x0000,0x0000,0x0000,0x007c,0x0300,0x0000,0x0000,0x0000,
 0x0000,0x0000,0x0000,0x01e0,0x3000,0x0000,0x0000,0x0000,0x0000,0x0000,0x0000,0x1e00,
 0x0000,0x0000,0x0000,0x0000,0x0000,0x0000,0x0000,0x7800,0x0000,0x7800,0x0000,0x0000,
 0x0000,0x0000,0x0000,0xe000,0x3000,0xf800,0x0000,0x0000,0x0000,0x0000,0x0000,0x0386,
 0x60ff,0x0000,0x0000,0x0000,0x0000,0x0000,0x001f,0x061c,0xff00,0x0000,0x0000,0x0000,
 0x0000,0x0000,0x007a,0x04ff,0x8000,0x0000,0x0000,0x0000,0x0000,0x0000,0x00e0,0x0ffc,
 0x0000,0x0000,0x0000,0x0000,0x0000,0x0000,0x03c0,0x1f1f,0x8000,0x0f80,0x0000,0x0000,
 0x0000,0x0000,0x0700,0x3318,0x0007,0x0780,0x0000,0x0000,0x0000,0x0000,0x1000,0xe318,
 0x0001,0x0000,0x0000,0x0000,0x0000,0x0000,0xc003,0xc3f0,0x0078,0x8300,0x0000,0x0000,
 0x0000,0x0003,0xc01d,0x80e0,0x03e0,0x8300,0x0000,0x0000,0x0000,0x0007,0x3f30,0x0000,
 0x0600,0x0380,0x0000,0x0000,0x0000,0x000e,0x7064,0x0000,0x8605,0xc380,0x0000,0x0000,
 0x0000,0x001c,0x0000,0x0000,0x8615,0x0380,0x0000,0x0000,0x0000,0x0010,0x0000,0x0000,
 0x0615,0x0300,0x0000,0x0000,0x0000,0x0000,0x0000,0x0000,0x0000,0x0300,0x0000,0x0000,
 0x0000,0x0000,0x0000,0x0000,0x0000,0x0000,0x0000,0x0000,0x0000,0x0000,0x0000,0x000e,
 0x0000,0x0000,0x0000,0x0000,0x0000,0x0000,0x0000,0x0028,0x0000,0x0000,0x0000,0x0000,
 0x0000,0x0000,0x0000,0x00cf,0xe000,0x0000,0x0000,0x0000,0x0000,0x0000,0x0000,0x0e18,
 0x2000,0x0000,0x0000,0x0000,0x0000,0x0000,0x0000,0x0470,0x0000,0x0000,0x0000,0x0000,
 0x0000,0x0000,0x0000,0x00c0,0x0000,0x0000,0x0000,0x0000,0x0000,0x0000,0x0000,0x0980,
 0x0000,0x0000,0x0000,0x0000,0x0000,0x0000,0x0001,0x9000,0x0000,0x0000,0x0000,0x0000,
 0x0000,0x0000,0x0003,0x2c00,0x0000,0x0000,0x0000,0x0000,0x0000,0x0000,0x0002,0x3ff0,
 0x0000,0x0000,0x0000,0x0000,0x0000,0x0000,0x0000,0xf000,0x0000,0x0000,0x0000,0x0000,
 0x0000,0x0000,0x0003,0xc000,0x0000,0x0000,0x0000,0x0000,0x0000,0x0000,0x000f,0x0000,
 0x0000,0x0000,0x0000,0x0000,0x0000,0x0000,0x0018,0x0000,0x0000,0x0000,0x0000,0x0000,
 0x0000,0x0000,0x0070,0x0000,0x0000,0x0000,0x0000,0x0000,0x0000,0x0000,0x0000,0x0000,
 0x0000,0x0000,0x0000,0x0000,0x0000,0x0000,0x0000,0x0000,0x0000,0x0000,0x0000,0x0000,
 0x0000,0x0000,0x0000,0x0000,0x0000,0x0000,0x0000,0x0000,0x0000,0x0000,0x0000,0x0000,
 0x0000,0x0000,0x0000,0x0000,0x0000,0x0000,0x0000,0x0000,0x0000,0x0000,0x0000,0x0000,
 0x0000,0x0000,0x0000,0x0000,0x0000,0x0000,0x0000,0x0000,0x0000,0x0000,0x0000,0x0000,
 0x0000,0x0000,0x0000,0x0000,0x0000,0x0000,0x0000,0x0000,0x0000,0x0000,0x0000,0x0000,
 0x0000,0x0000,0x0000,0x0000,0x0000,0x0000,0x0000,0x0000,0x0000,0x0000,0x0000,0x0000,
 0x0000,0x0000,0x0000,0x0000,0x0000,0x0000,0x0000,0x0000,0x0000,0x0000,0x0000,0x0000,
 0x0000,0x0000,0x0000,0x0000,0x0000,0x0000,0x0000,0x0000,0x0000,0x0000,0x0000,0x0000,
 0x0000,0x0000,0x0000,0x0000,0x0000,0x0000,0x0000,0x0000,0x0000,0x0000,0x0000,0x0000,
 0x0000,0x0000,0x0000,0x0000,0x0000,0x0000,0x0000,0x0000,0x0000,0x0000,0x0000,0x0000,
 0x0000,0x0000,0x0000,0x0000,0x0000,0x0000,0x0000,0x0000,0x0000,0x0000,0x0000,0x0000,
 0x0000,0x0000,0x0000,0x0000,0x0000,0x0000,0x0000,0x0000,0x0000,0x0000,0x0000,0x0000,
 0x0000,0x0000,0x0000,0x0000,0x0000,0x0000,0x0000,0x0000,0x0000,0x0000,0x0000,0x0000,
 0x0000,0x0000,0x0000,0x0000,0x0000,0x0000,0x0000,0x0000,0x0000,0x0000,0x0000,0x0000,
 0x0000,0x0000,0x0000,0x0000,0x0000,0x0000,0x0000,0x0000,0x0000,0x0000,0x0000,0x0000,
 0x0000,0x0000,0x0000,0x0000,0x0000,0x0000,0x0000,0x0000,0x0000,0x0000,0x0000,0x0000,
 0x0000,0x0000,0x0000,0x0000,0x0000,0x0000,0x0000,0x0000,0x0000,0x0000,0x0000,0x0000,
 0x0000,0x0000,0x0000,0x0000,0x0000,0x0000,0x0000,0x0000,0x0000,0x0000,0x0000,0x0000,
 0x0000,0x0000,0x0000,0x0000,0x0000,0x0000,0x0000,0x0000,0x0000,0x0000,0x0000,0x0000,
 0x0000,0x0000,0x0000,0x0000,0x0000,0x0000,0x0000,0x0000,0x0000,0x0000,0x0000,0x0000,
 0x0000,0x0000,0x0000,0x0000,0x0000,0x0000,0x0000,0x0000,0x0000,0x0000,0x0000,0x0000,
 0x0000,0x0000,0x0000,0x0000,0x0000,0x0000,0x0000,0x0000,0x0000,0x0000,0x0000,0x0000,
 0x0000,0x0000,0x0000,0x0000,0x0000,0x0000,0x0000,0x0000,0x0000,0x0000,0x0000,0x0000,
 0x0000,0x0000,0x0001,0xe000,0x0000,0x0000,0x0000,0x0000,0x0000,0x0000,0x00bf,0xe000,
 0x0000,0x0000,0x0000,0x0000,0x0000,0x0000,0x01bf,0x8000,0x0000,0x0000,0x0000,0x0000,
 0x0000,0x0000,0x05ff,0x00e0,0x0000,0x0000,0x0000,0x0000,0x0000,0x0000,0x0ffe,0x00e0,
 0x0000,0x0000,0x0000,0x0000,0x0000,0x0000,0x0ff0,0x00e0,0x0000,0x0000,0x0000,0x0000,
 0x0000,0x0000,0x0f00,0x0000,0x0000,0x0000,0x0000,0x0000,0x0000,0x0000,0x0000,0x0000,
 0x0000,0x0000,0x0000,0x0000,0x0000,0x0000,0x0000,0x0000,0x0000,0x0000,0x0000,0x0000,
 0x0000,0x0008,0x0000,0x0000,0xc010,0x0000,0x0000,0x0000,0x0000,0x0000,0x0000,0x0000,
 0xc000,0x0000,0x0000,0x0000,0x0000,0x0000,0x0000,0x0000,0x0000,0x0000,0x0000,0x0000,
 0x0000,0x0000,0x0000,0x0000,0x0000,0x0000,0x0000,0x0000,0x0000,0x0000,0x0000,0x0000,
 0x0000,0x0000,0x0000,0x0000,0x0000,0x0000,0x0000,0x0000,0x0000,0x0000,0x0000,0x0000,
 0x0000,0x0000,0x0001,0x0000,0x0000,0x0000,0x0000,0x0000,0x0000,0x0000,0x0000,0x0000,
 0x0000,0x0000,0x0000,0x0000,0x0000,0x0000,0x0000,0x0000,0x0000,0x0000,0x0000,0x0000,
 0x0000,0x0000,0x0000,0x0000,0x0000,0x0000,0x0000,0x0000,0x0000,0x0000,0x0000,0x0000,
 0x0000,0x0000,0x0000,0x0000,0x0000,0x0000,0x0000,0x0000,0x0000,0x0000,0x0000,0x0000,
 0x0000,0x0000,0x0000,0x0000,0x0000,0x0000,0x0000,0x0000,0x0000,0x0000,0x0000,0x0000,
 0x0000,0x0000,0x0000,0x0000,0x0000,0x0000,0x0000,0x0000,0x0000,0x0000,0x0000,0x0000,
 0x0000,0x0000,0x0000,0x0000,0x0000,0x0000,0x0000,0x0000,0x0000,0x0000,0x0000,0x0000,
 0x0000,0x0000,0x0000,0x0000,0x0000,0x0000,0x0000,0x0000,0x0000,0x0000,0x0000,0x0000,
 0x0000,0x0000,0x0000,0x0000,0x0000,0x0000,0x0000,0x0000,0x0000,0x0000,0x0000,0x0000,
 0x0000,0x0000,0x0000,0x0000,0x0000,0x0000,0x0000,0x0000,0x0000,0x0000,0x0000,0x0000,
 0x0000,0x0000,0x0000,0x0000,0x0000,0x0000,0x0000,0x0000,0x0000,0x0000,0x0000,0x0000,
 0x0000,0x0000,0x0000,0x0000,0x0000,0x0000,0x0000,0x0000,0x0000,0x0000,0x0000,0x0000,
 0x0000,0x0000,0x0000,0x0000,0x0000,0x0000,0x0000,0x0000,0x0000,0x0000,0x0000,0x0000,
 0x0000,0x0000,0x0000,0x0000,0x0000,0x0000,0x0000,0x0000,0x0000,0x0000,0x0000,0x0000,
 0x0000,0x0000,0x0000,0x0000,0x0000,0x0000,0x0000,0x0000,0x0000,0x0000,0x0000,0x0000,
 0x0000,0x0000,0x0000,0x0000,0x0000,0x0000,0x0000,0x0000,0x0000,0x0000,0x0000,0x0000,
 0x0000,0x0000,0x0000,0x0000,0x0000,0x0000,0x0000,0x0000,0x0000,0x0000,0x0000,0x0000,
 0x0000,0x0000,0x0000,0x0000,0x0000,0x0000,0x0000,0x0000,0x0000,0x0000,0x0000,0x0000,
 0x0000,0x0000,0x0000,0x0000,0x0000,0x0000,0x0000,0x0000,0x0000,0x0000,0x0000,0x0000,
 0x0000,0x0000,0x0000,0x0000,0x0000,0x0000,0x0000,0x0000,0x0000,0x0000,0x0000,0x0000,
 0x0000,0x0000,0x0000,0x0000,0x0000,0x0000,0x0000,0x0000,0x0000,0x0000,0x0000,0x0000,
 0x0000,0x0000,0x0000,0x0000,0x0000,0x0000,0x0000,0x0000,0x0000,0x0000,0x0000,0x0000,
 0x0000,0x0000,0x0000,0x0000,0x0000,0x0000,0x0000,0x0000,0x0000,0x0000,0x0000,0x0000,
 0x0000,0x07c0,0x0000,0x0000,0x0000,0x0000,0x0000,0x0000,0x0000,0xffc0,0x0000,0x0000,
 0x0000,0x0000,0x0000,0x0000,0x0007,0xff80,0x0000,0x0000,0x0000,0x0000,0x0000,0x0000,
 0x003f,0xff00,0x0000,0x0000,0x0000,0x0000,0x0000,0x0000,0x007f,0xfc00,0x0000,0x0000,
 0x0000,0x0000,0x0000,0x0000,0xffff,0xf800,0x0000,0x0000,0x0000,0x0000,0x0000,0x0007,
 0xffff,0xd000,0x0000,0x0000,0x0000,0x0000,0x0000,0x000f,0xfeff,0x3000,0x0000,0x0000,
 0x0000,0x0000,0x0000,0x003f,0xfdfe,0x6000,0x0000,0x0000,0x0000,0x0000,0x0000,0x007f,
 0xfbfe,0xc000,0x0000,0x0000,0x0000,0x0000,0x0000,0x03ff,0xffff,0x8000,0x0000,0x0000,
 0x0000,0x0000,0x0000,0x1fff,0xefff,0x0000,0x0000,0x0000,0x0000,0x0000,0x0000,0x7fff,
 0xdff3,0xfc00,0x0000,0x0000,0x0000,0x0000,0x0000,0xffff,0xffff,0xf800,0x0000,0x0000,
 0x0000,0x0000,0x0001,0x8fff,0xffff,0xf000,0x0000,0x0000,0x0000,0x0000,0x003f,0xf7ff,
 0xfffe,0x4000,0x0000,0x0000,0x0000,0x0000,0x00ff,0xff1f,0xfff8,0xc000,0x0000,0x0000,
 0x0000,0x0000,0x01ff,0xee0f,0xff8e,0xe000,0x0000,0x0000,0x0000,0x0000,0x07ff,0xfc07,
 0xfc0e,0xff80,0x0000,0x0000,0x0000,0x0000,0x0fff,0xfc07,0xc0ff,0xffc0,0x0000,0x0000,
 0x0000,0x0000,0x1ffd,0xfc07,0xfedf,0xf080,0x0000,0x0000,0x0000,0x0000,0xffef,0xfe0f,
 0xffff,0xecc0,0x0000,0x0000,0x0000,0x0003,0xffff,0xff1f,0xdfff,0xccc0,0x0000,0x0000,
 0x0000,0x0007,0xbfff,0xffff,0xe7fd,0xcc40,0x0000,0x0000,0x0000,0x0007,0xffff,0xffe3,
 0xf7ea,0x4c40,0x0000,0x0000,0x0000,0x001f,0xff3f,0x000b,0xf7ea,0xcc40,0x0000,0x0000,
 0x0000,0x001f,0x81cb,0xffeb,0xe7ea,0xccc0,0x0000,0x0000,0x0000,0x0010,0x7ff8,0xfff1,
 0xffff,0xbcc0,0x0000,0x0000,0x0000,0x0000,0x041e,0x3fff,0xf81f,0x3fc0,0x0000,0x0000,
 0x0000,0x0000,0x0003,0x8fff,0xfb0f,0x7f80,0x0000,0x0000,0x0000,0x0000,0x0001,0xf1ff,
 0xf704,0x3c00,0x0000,0x0000,0x0000,0x0000,0x0000,0x7fff,0xffe0,0x4000,0x0000,0x0000,
 0x0000,0x0000,0x0000,0x3fbf,0xffff,0xf000,0x0000,0x0000,0x0000,0x0000,0x0000,0x3fff,
 0xfff1,0xf800,0x0000,0x0000,0x0000,0x0000,0x0000,0x77ff,0xf9e0,0x0000,0x0000,0x0000,
 0x0000,0x0000,0x0000,0xf7ff,0xe380,0x0000,0x0000,0x0000,0x0000,0x0000,0x0001,0xefff,
 0x9f00,0x0000,0x0000,0x0000,0x0000,0x0000,0x0003,0xdffe,0x7e00,0x0000,0x0000,0x0000,
 0x0000,0x0000,0x0007,0xfff9,0xf800,0x0000,0x0000,0x0000,0x0000,0x0000,0x0003,0xffef,
 0xc000,0x0000,0x0000,0x0000,0x0000,0x0000,0x0007,0xfffe,0x0000,0x0000,0x0000,0x0000,
 0x0000,0x0000,0x000f,0xfff8,0x0000,0x0000,0x0000,0x0000,0x0000,0x0000,0x003f,0xff80,
 0x0000,0x0000,0x0000,0x0000,0x0000,0x0000,0x007f,0xf800,0x0000,0x0000,0x0000,0x0000,
 0x0000,0x0000,0x006e,0x0000,0x0000,0x0000,0x0000,0x0000,0x0000,0x0000,0x0000,0x0000,
 0x0000,0x0000,0x0000,0x0000,0x0000,0x0000,0x0000,0x0000,0x0000,0x0000,0x0000,0x0000,
 0x0000,0x0000,0x0000,0x0000,0x0000,0x0000,0x0000,0x0000,0x0000,0x0000,0x0000,0x0000,
 0x0000,0x0000,0x0000,0x0000,0x0000,0x0000,0x0000,0x0000,0x0000,0x0000,0x0000,0x0000,
 0x0000,0x0000,0x0000,0x0000,0x0000,0x0000,0x0000,0x0000,0x0000,0x0000,0x0000,0x0000,
 0x0000,0x0000,0x0000,0x0000,0x0000,0x0000,0x0000,0x0000,0x0000,0x0000,0x0000,0x0000,
 0x0000,0x0000,0x0000,0x0000,0x0000,0x0000,0x0000,0x0000,0x0000,0x0000,0x0000,0x0000,
 0x0000,0x0000,0x0000,0x0000,0x0000,0x0000,0x0000,0x0000,0x0000,0x0000,0x0000,0x0000,
 0x0000,0x0000,0x0000,0x0000,0x0000,0x0000,0x0000,0x0000,0x0000,0x0000,0x0000,0x0000,
 0x0000,0x0000,0x0000,0x0000,0x0000,0x0000,0x0000,0x0000,0x0000,0x0000,0x0000,0x0000,
 0x0000,0x0000,0x0000,0x0000,0x0000,0x0000,0x0000,0x0000,0x0000,0x0000,0x0000,0x0000,
 0x0000,0x0000,0x0000,0x0000,0x0000,0x0000,0x0000,0x0000,0x0000,0x0000,0x0000,0x0000,
 0x0000,0x0000,0x0000,0x0000,0x0000,0x0000,0x0000,0x0000,0x0000,0x0000,0x0000,0x0000,
 0x0000,0x0000,0x0000,0x0000,0x0000,0x0000,0x0000,0x0000,0x0000,0x0000,0x0000,0x0000,
 0x0000,0x0000,0x0000,0x0000,0x0000,0x0000,0x0000,0x0000,0x0000,0x0000,0x0000,0x0000,
 0x0000,0x0000,0x0000,0x0000,0x0000,0x0000,0x0000,0x0000,0x0000,0x0000,0x0000,0x0000,
 0x0000,0x0000,0x0000,0x0000,0x0000,0x0000,0x0000,0x0000,0x0000,0x0000,0x0000,0x0000,
 0x0000,0x0000,0x0000,0x0000,0x0000,0x0000,0x0000,0x0007,0xe000,0x0000,0x0000,0x0000,
 0x0000,0x0000,0x0000,0x000f,0xf000,0x0000,0x0000,0x0000,0x0000,0x0000,0x0000,0x000f,
 0xf000,0x0000,0x0000,0x0000,0x0000,0x0000,0x0000,0x000f,0xf0fe,0x0000,0x0000,0x0000,
 0x0000,0x0000,0x0000,0x0007,0xe0fe,0x0000,0x0000,0x0000,0x0000,0x0000,0x0000,0x0001,
 0x00fe,0x0000,0x0000,0x0000,0x0000,0x0000,0x0000,0x0000,0x00fe,0x0000,0x0000,0x0000,
 0x0000,0x0000,0x00f8,0x0000,0x00ff,0x8000,0x0000,0x0000,0x0000,0x0000,0x03fe,0x0000,
 0x607f,0xe000,0x0000,0x0000,0x0000,0x0000,0x01ff,0x0000,0x607f,0xe000,0x0000,0x0000,
 0x0000,0x0000,0x03ff,0x0008,0x007f,0xf000,0x0000,0x0000,0x0000,0x0000,0x01fe,0x307e,
 0x00ff,0xe000,0x0000,0x0000,0x0000,0x0000,0x00fe,0x31ff,0x00ff,0x8000,0x0000,0x0000,
 0x0000,0x0000,0x0068,0x03ff,0x000a,0x0000,0x0000,0x0000,0x0000,0x0000,0x0000,0x01ff,
 0x8000,0x0000,0x0000,0x0000,0x0000,0x0000,0x0000,0x03ff,0x8000,0x0000,0x0000,0x0000,
 0x0000,0x0000,0x0000,0x03ff,0x8000,0x0000,0x0000,0x0000,0x0000,0x0000,0x7c00,0x03ff,
 0x8000,0x1f00,0x0000,0x0000,0x0000,0x0000,0xfe00,0x01fe,0x0180,0x3f00,0x0000,0x0000,
 0x0000,0x0000,0xfe00,0x0070,0x0180,0x3f00,0x0000,0x0000,0x0000,0x0000,0xfe00,0x0000,
 0x0000,0xff00,0x0000,0x0000,0x0000,0x0000,0x3c00,0x00c0,0x1800,0xff00,0x0000,0x0000,
 0x0000,0x0000,0x0000,0x1fc0,0x3f00,0xff00,0x0000,0x0000,0x0000,0x0000,0x0000,0x3f80,
 0xff00,0xff00,0x0000,0x0000,0x0000,0x0000,0x0000,0x7fc0,0xff80,0xff00,0x0000,0x0000,
 0x0000,0x0000,0x0000,0x7fc0,0xff00,0xff00,0x0000,0x0000,0x0000,0x0000,0x0000,0x7fc0,
 0xfe00,0x0000,0x0000,0x0000,0x0000,0x0000,0x0000,0xff80,0x1000,0x0000,0x0000,0x0000,
 0x0000,0x0000,0x0001,0xfa00,0x3f80,0x0000,0x0000,0x0000,0x0000,0x0000,0x0003,0xf800,
 0x3f80,0x0000,0x0000,0x0000,0x0000,0x0000,0x0000,0x0000,0x3f80,0x0000,0x0000,0x0000,
 0x0000,0x0000,0x0000,0x0000,0x3f80,0x0000,0x0000,0x0000,0x0000,0x0000,0x0000,0x0000,
 0x3f80,0x0000,0x0000,0x0000,0x0000,0x0000,0x0000,0x0000,0x0000,0x0000,0x0000,0x0000,
 0x0000,0x0000,0x0000,0x0000,0x0000,0x0000,0x0000,0x0000,0x0000,0x0000,0x0000,0x0000,
 0x0000,0x0000,0x0000,0x0000,0x0000,0x0000,0x0000,0x0000,0x0000,0x0000,0x0000,0x0000,
 0x0000,0x0000,0x0000,0x0000,0x0000,0x0000,0x0000,0x0000,0x0000,0x0000,0x0000,0x0000,
 0x0000,0x0000,0x0000,0x0000,0x0000,0x0000,0x0000,0x0000,0x0000,0x0000,0x0000,0x0000,
 0x0000,0x0000,0x0000,0x0000,0x0000,0x0000,0x0000,0x0000,0x0000,0x0000,0x0000,0x0000,
 0x0000,0x0000,0x0000,0x0000,0x0000,0x0000,0x0000,0x0000,0x0000,0x0000,0x0000,0x0000,
 0x0000,0x0000,0x0000,0x0000,0x0000,0x0000,0x0000,0x0000,0x0000,0x0000,0x0000,0x0000,
 0x0000,0x0000,0x0000,0x0000,0x0000,0x0000,0x0000,0x0000,0x0000,0x0000,0x0000,0x0000,
 0x0000,0x0000,0x0000,0x0000,0x0000,0x0000,0x0000,0x0000,0x0000,0x0000,0x0000,0x0000,
 0x0000,0x0000,0x0000,0x0000,0x0000,0x0000,0x0000,0x0000,0x0000,0x0000,0x0000,0x0000,
 0x0000,0x0000,0x0000,0x0000,0x0000,0x0000,0x0000,0x0000,0x0000,0x0000,0x0000,0x0000,
 0x0000,0x0000,0x0000,0x0000,0x0000,0x0000,0x0000,0x0000,0x0000,0x0000,0x0000,0x0000,
 0x0000,0x0000,0x0000,0x0000,0x0000,0x0000,0x0000,0x0000,0x0000,0x0000,0x0000,0x0000,
 0x0000,0x0000,0x0000,0x0000,0x0000,0x0000,0x0000,0x0000,0x0000,0x0000,0x0000,0x0000,
 0x0000,0x0000,0x0000,0x0000,0x0000,0x0000,0x0000,0x0000,0x0000,0x0000,0x0000,0x0000,
 0x0000,0x0000,0x0000,0x0000,0x0000,0x0000,0x0000,0x0000,0x0000,0x0000,0x0000,0x0000,
 0x0000,0x0000,0x0000,0x0000,0x0000,0x0000,0x0000,0x0000,0x0000,0x0000,0x0000,0x0000,
 0x0000,0x0000,0x0000,0x0000,0x0000,0x0000,0x0000,0x0000,0x0000,0x0000,0x0000,0x0000,
 0x0000,0x0000,0x0000,0x0000,0x0000,0x0000,0x0000,0x0000,0x0000,0x0000,0x0000,0x0000,
 0x0000,0x0000,0x0000,0x0000,0x0000,0x0000,0x0000,0x0000,0x0000,0x0000,0x0000,0x0000,
 0x0000,0x0000,0x0000,0x0001,0x4000,0x0000,0x0000,0x0000,0x0000,0x0000,0x0000,0x0000,
 0x0000,0x0000,0x0000,0x0000,0x0000,0x0000,0x0000,0x0004,0x8000,0x0000,0x0000,0x0000,
 0x0000,0x0000,0x0000,0x0000,0x0068,0x0000,0x0000,0x0000,0x0000,0x0000,0x0000,0x0003,
 0x801a,0x0000,0x0000,0x0000,0x0000,0x0000,0x0000,0x0000,0x00ea,0x0000,0x0000,0x0000,
 0x0000,0x0000,0x0000,0x0000,0x007e,0x0000,0x0000,0x0000,0x0000,0x0000,0x0000,0x0000,
 0x00b0,0x0000,0x0000,0x0000,0x0000,0x0000,0x0060,0x0000,0x6027,0x8000,0x0000,0x0000,
 0x0000,0x0000,0x0044,0x0000,0x6040,0x4000,0x0000,0x0000,0x0000,0x0000,0x0014,0x0000,
 0x0036,0x4000,0x0000,0x0000,0x0000,0x0000,0x0186,0x3018,0x0061,0x0000,0x0000,0x0000,
 0x0000,0x0000,0x0010,0x3000,0x0032,0x0000,0x0000,0x0000,0x0000,0x0000,0x0000,0x0090,
 0x0000,0x0000,0x0000,0x0000,0x0000,0x0000,0x0000,0x0197,0x0000,0x0000,0x0000,0x0000,
 0x0000,0x0000,0x0000,0x0004,0x0000,0x0000,0x0000,0x0000,0x0000,0x0000,0x0000,0x0196,
 0x0000,0x0000,0x0000,0x0000,0x0000,0x0000,0x1800,0x0122,0x0000,0x0800,0x0000,0x0000,
 0x0000,0x0000,0x2000,0x0020,0x0180,0x1000,0x0000,0x0000,0x0000,0x0000,0x4400,0x0000,
 0x0180,0x0600,0x0000,0x0000,0x0000,0x0000,0x3800,0x0000,0x0000,0x9900,0x0000,0x0000,
 0x0000,0x0000,0x0000,0x00c0,0x0000,0xfd00,0x0000,0x0000,0x0000,0x0000,0x0000,0x04c0,
 0x1800,0x7d00,0x0000,0x0000,0x0000,0x0000,0x0000,0x2000,0x0200,0x6100,0x0000,0x0000,
 0x0000,0x0000,0x0000,0x2000,0x4a00,0x6000,0x0000,0x0000,0x0000,0x0000,0x0000,0x4480,
 0x6600,0x4300,0x0000,0x0000,0x0000,0x0000,0x0000,0x6800,0x0c00,0x0000,0x0000,0x0000,
 0x0000,0x0000,0x0000,0xe100,0x0000,0x0000,0x0000,0x0000,0x0000,0x0000,0x0000,0x3000,
 0x1080,0x0000,0x0000,0x0000,0x0000,0x0000,0x0000,0x1800,0x0f80,0x0000,0x0000,0x0000,
 0x0000,0x0000,0x0000,0x0000,0x0000,0x0000,0x0000,0x0000,0x0000,0x0000,0x0000,0x0000,
 0x0000,0x0000,0x0000,0x0000,0x0000,0x0000,0x0000,0x0000,0x3e80,0x0000,0x0000,0x0000,
 0x0000,0x0000,0x0000,0x0000,0x0000,0x0000,0x0000,0x0000,0x0000,0x0000,0x0000,0x0000,
 0x0000,0x0000,0x0000,0x0000,0x0000,0x0000,0x0000,0x0000,0x0000,0x0000,0x0000,0x0000,
 0x0000,0x0000,0x0000,0x0000,0x0000,0x0000,0x0000,0x0000,0x0000,0x0000,0x0000,0x0000,
 0x0000,0x0000,0x0000,0x0000,0x0000,0x0000,0x0000,0x0000,0x0000,0x0000,0x0000,0x0000,
 0x0000,0x0000,0x0000,0x0000,0x0000,0x0000,0x0000,0x0000,0x0000,0x0000,0x0000,0x0000,
 0x0000,0x0000,0x0000,0x0000,0x0000,0x0000,0x0000,0x0000,0x0000,0x0000,0x0000,0x0000,
 0x0000,0x0000,0x0000,0x0000,0x0000,0x0000,0x0000,0x0000,0x0000,0x0000,0x0000,0x0000,
 0x0000,0x0000,0x0000,0x0000,0x0000,0x0000,0x0000,0x0000,0x0000,0x0000,0x0000,0x0000,
 0x0000,0x0000,0x0000,0x0000,0x0000,0x0000,0x0000,0x0000,0x0000,0x0000,0x0000,0x0000,
 0x0000,0x0000,0x0000,0x0000,0x0000,0x0000,0x0000,0x0000,0x0000,0x0000,0x0000,0x0000,
 0x0000,0x0000,0x0000,0x0000,0x0000,0x0000,0x0000,0x0000,0x0000,0x0000,0x0000,0x0000,
 0x0000,0x0000,0x0000,0x0000,0x0000,0x0000,0x0000,0x0000,0x0000,0x0000,0x0000,0x0000,
 0x0000,0x0000,0x0000,0x0000,0x0000,0x0000,0x0000,0x0000,0x0000,0x0000,0x0000,0x0000,
 0x0000,0x0000,0x0000,0x0000,0x0000,0x0000,0x0000,0x0000,0x0000,0x0000,0x0000,0x0000,
 0x0000,0x0000,0x0000,0x0000,0x0000,0x0000,0x0000,0x0000,0x0000,0x0000,0x0000,0x0000,
 0x0000,0x0000,0x0000,0x0000,0x0000,0x0000,0x0000,0x0000,0x0000,0x0000,0x0000,0x0000,
 0x0000,0x0000,0x0000,0x0000,0x0000,0x0000,0x0000,0x0000,0x0000,0x0000,0x0000,0x0000,
 0x0000,0x0000,0x0000,0x0000,0x0000,0x0000,0x0000,0x0000,0x0000,0x0000,0x0000,0x0000,
 0x0000,0x0000,0x0000,0x0000,0x0000,0x0000,0x0000,0x0000,0x0000,0x0000,0x0000,0x0000,
 0x0000,0x0000,0x0000,0x0000,0x0000,0x0000,0x0000,0x0000,0x0000,0x0000,0x0000,0x0000,
 0x0000,0x0000,0x0000,0x0000,0x0000,0x0000,0x0000,0x0000,0x0000,0x0000,0x0000,0x0005,
 0x6000,0x0000,0x0000,0x0000,0x0000,0x0000,0x0000,0x000c,0x3000,0x0000,0x0000,0x0000,
 0x0000,0x0000,0x0000,0x000c,0x9000,0x0000,0x0000,0x0000,0x0000,0x0000,0x0000,0x000c,
 0x3086,0x0000,0x0000,0x0000,0x0000,0x0000,0x0000,0x0007,0xe00c,0x0000,0x0000,0x0000,
 0x0000,0x0000,0x0000,0x0001,0x0018,0x0000,0x0000,0x0000,0x0000,0x0000,0x0000,0x0000,
 0x0080,0x0000,0x0000,0x0000,0x0000,0x0000,0x00f8,0x0000,0x0001,0x8000,0x0000,0x0000,
 0x0000,0x0000,0x03c6,0x0000,0x6067,0xe000,0x0000,0x0000,0x0000,0x0000,0x01a7,0x0000,
 0x6040,0x6000,0x0000,0x0000,0x0000,0x0000,0x02f7,0x0008,0x0076,0x7000,0x0000,0x0000,
 0x0000,0x0000,0x0186,0x307e,0x00e1,0x6000,0x0000,0x0000,0x0000,0x0000,0x00de,0x3183,
 0x00ff,0x8000,0x0000,0x0000,0x0000,0x0000,0x0068,0x0391,0x000a,0x0000,0x0000,0x0000,
 0x0000,0x0000,0x0000,0x0197,0x8000,0x0000,0x0000,0x0000,0x0000,0x0000,0x0000,0x0305,
 0x8000,0x0000,0x0000,0x0000,0x0000,0x0000,0x0000,0x0397,0x8000,0x0000,0x0000,0x0000,
 0x0000,0x0000,0x7c00,0x0327,0x8000,0x1f00,0x0000,0x0000,0x0000,0x0000,0xe200,0x01fe,
 0x0180,0x3100,0x0000,0x0000,0x0000,0x0000,0xc600,0x0070,0x0180,0x2700,0x0000,0x0000,
 0x0000,0x0000,0xfe00,0x0000,0x0000,0xe100,0x0000,0x0000,0x0000,0x0000,0x3c00,0x00c0,
 0x1800,0x8100,0x0000,0x0000,0x0000,0x0000,0x0000,0x1fc0,0x3f00,0x8100,0x0000,0x0000,
 0x0000,0x0000,0x0000,0x2180,0xc300,0x0100,0x0000,0x0000,0x0000,0x0000,0x0000,0x60c0,
 0xcb80,0x0000,0x0000,0x0000,0x0000,0x0000,0x0000,0x44c0,0xe700,0x0000,0x0000,0x0000,
 0x0000,0x0000,0x0000,0x00c0,0xfe00,0x0000,0x0000,0x0000,0x0000,0x0000,0x0000,0x0980,
 0x1000,0x0000,0x0000,0x0000,0x0000,0x0000,0x0001,0x9200,0x0000,0x0000,0x0000,0x0000,
 0x0000,0x0000,0x0003,0x2800,0x3000,0x0000,0x0000,0x0000,0x0000,0x0000,0x0000,0x0000,
 0x0000,0x0000,0x0000,0x0000,0x0000,0x0000,0x0000,0x0000,0x3f00,0x0000,0x0000,0x0000,
 0x0000,0x0000,0x0000,0x0000,0x0100,0x0000,0x0000,0x0000,0x0000,0x0000,0x0000,0x0000,
 0x0000,0x0000,0x0000,0x0000,0x0000,0x0000,0x0000,0x0000,0x0000,0x0000,0x0000,0x0000,
 0x0000,0x0000,0x0000,0x0000,0x0000,0x0000,0x0000,0x0000,0x0000,0x0000,0x0000,0x0000,
 0x0000,0x0000,0x0000,0x0000,0x0000,0x0000,0x0000,0x0000,0x0000,0x0000,0x0000,0x0000,
 0x0000,0x0000,0x0000,0x0000,0x0000,0x0000,0x0000,0x0000,0x0000,0x0000,0x0000,0x0000,
 0x0000,0x0000,0x0000,0x0000,0x0000,0x0000,0x0000,0x0000,0x0000,0x0000,0x0000,0x0000,
 0x0000,0x0000,0x0000,0x0000,0x0000,0x0000,0x0000,0x0000,0x0000,0x0000,0x0000,0x0000,
 0x0000,0x0000,0x0000,0x0000,0x0000,0x0000,0x0000,0x0000,0x0000,0x0000,0x0000,0x0000,
 0x0000,0x0000,0x0000,0x0000,0x0000,0x0000,0x0000,0x0000,0x0000,0x0000,0x0000,0x0000,
 0x0000,0x0000,0x0000,0x0000,0x0000,0x0000,0x0000,0x0000,0x0000,0x0000,0x0000,0x0000,
 0x0000,0x0000,0x0000,0x0000,0x0000,0x0000,0x0000,0x0000,0x0000,0x0000,0x0000,0x0000,
 0x0000,0x0000,0x0000,0x0000,0x0000,0x0000,0x0000,0x0000,0x0000,0x0000,0x0000,0x0000,
 0x0000,0x0000,0x0000,0x0000,0x0000,0x0000,0x0000,0x0000,0x0000,0x0000,0x0000,0x0000,
 0x0000,0x0000,0x0000,0x0000,0x0000,0x0000,0x0000,0x0000,0x0000,0x0000,0x0000,0x0000,
 0x0000,0x0000,0x0000,0x0000,0x0000,0x0000,0x0000,0x0000,0x0000,0x0000,0x0000,0x0000,
 0x0000,0x0000,0x0000,0x0000,0x0000,0x0000,0x0000,0x0000,0x0000,0x0000,0x0000,0x0000,
 0x0000,0x0000,0x0000,0x0000,0x0000,0x0000,0x0000,0x0000,0x0000,0x0000,0x0000,0x0000,
 0x0000,0x0000,0x0000,0x0000,0x0000,0x0000,0x0000,0x0000,0x0000,0x0000,0x0000,0x0000,
 0x0000,0x0000,0x0000,0x0000,0x0000,0x0000,0x0000,0x0000,0x0000,0x0000,0x0000,0x0000,
 0x0000,0x0000,0x0000,0x0000,0x0000,0x0000,0x0000,0x0000,0x0000,0x0000,0x0000,0x0000,
 0x0000,0x0000,0x0000,0x0000,0x0000,0x0000,0x0000,0x0000,0x0000,0x0000,0x0000,0x0000,
 0x0000,0x0000,0x0000,0x0000,0x0000,0x0000,0x0000,0x0002,0x8000,0x0000,0x0000,0x0000,
 0x0000,0x0000,0x0000,0x0003,0xc000,0x0000,0x0000,0x0000,0x0000,0x0000,0x0000,0x0003,
 0x6000,0x0000,0x0000,0x0000,0x0000,0x0000,0x0000,0x0003,0xc000,0x0000,0x0000,0x0000,
 0x0000,0x0000,0x0000,0x0000,0x0000,0x0000,0x0000,0x0000,0x0000,0x0000,0x0000,0x0000,
 0x0000,0x0000,0x0000,0x0000,0x0000,0x0000,0x0000,0x0000,0x0000,0x0000,0x0000,0x0000,
 0x0000,0x0000,0x0000,0x0000,0x0000,0x0000,0x0000,0x0000,0x0000,0x0000,0x0038,0x0000,
 0x0018,0x0000,0x0000,0x0000,0x0000,0x0000,0x0078,0x0000,0x003f,0x8000,0x0000,0x0000,
 0x0000,0x0000,0x0168,0x0000,0x0009,0x8000,0x0000,0x0000,0x0000,0x0000,0x0078,0x0000,
 0x001e,0x8000,0x0000,0x0000,0x0000,0x0000,0x0020,0x007c,0x0000,0x0000,0x0000,0x0000,
 0x0000,0x0000,0x0000,0x006e,0x0000,0x0000,0x0000,0x0000,0x0000,0x0000,0x0000,0x0068,
 0x0000,0x0000,0x0000,0x0000,0x0000,0x0000,0x0000,0x00fa,0x0000,0x0000,0x0000,0x0000,
 0x0000,0x0000,0x0000,0x0068,0x0000,0x0000,0x0000,0x0000,0x0000,0x0000,0x0000,0x00d8,
 0x0000,0x0000,0x0000,0x0000,0x0000,0x0000,0x1c00,0x0000,0x0000,0x0e00,0x0000,0x0000,
 0x0000,0x0000,0x3800,0x0000,0x0000,0x1800,0x0000,0x0000,0x0000,0x0000,0x0000,0x0000,
 0x0000,0x0000,0x0000,0x0000,0x0000,0x0000,0x0000,0x0000,0x0000,0x0000,0x0000,0x0000,
 0x0000,0x0000,0x0000,0x0000,0x0000,0x0000,0x0000,0x0000,0x0000,0x0000,0x0000,0x1e00,
 0x3c00,0x0000,0x0000,0x0000,0x0000,0x0000,0x0000,0x1f00,0x3400,0x0000,0x0000,0x0000,
 0x0000,0x0000,0x0000,0x0300,0x1800,0x0000,0x0000,0x0000,0x0000,0x0000,0x0000,0x0700,
 0x0000,0x0000,0x0000,0x0000,0x0000,0x0000,0x0000,0x0600,0x0000,0x0000,0x0000,0x0000,
 0x0000,0x0000,0x0000,0x0000,0x0000,0x0000,0x0000,0x0000,0x0000,0x0000,0x0000,0x0000,
 0x0000,0x0000,0x0000,0x0000,0x0000,0x0000,0x0000,0x0000,0x0000,0x0000,0x0000,0x0000,
 0x0000,0x0000,0x0000,0x0000,0x0000,0x0000,0x0000,0x0000,0x0000,0x0000,0x0000,0x0000,
 0x0000,0x0000,0x0000,0x0000,0x0000,0x0000,0x0000,0x0000,0x0000,0x0000,0x0000,0x0000,
 0x0000,0x0000,0x0000,0x0000,0x0000,0x0000,0x0000,0x0000,0x0000,0x0000,0x0000,0x0000,
 0x0000,0x0000,0x0000,0x0000,0x0000,0x0000,0x0000,0x0000,0x0000,0x0000,0x0000,0x0000,
 0x0000,0x0000,0x0000,0x0000,0x0000,0x0000,0x0000,0x0000,0x0000,0x0000,0x0000,0x0000,
 0x0000,0x0000,0x0000,0x0000,0x0000,0x0000,0x0000,0x0000,0x0000,0x0000,0x0000,0x0000,
 0x0000,0x0000,0x0000,0x0000,0x0000,0x0000,0x0000,0x0000,0x0000,0x0000,0x0000,0x0000,
 0x0000,0x0000,0x0000,0x0000,0x0000,0x0000,0x0000,0x0000,0x0000,0x0000,0x0000,0x0000,
 0x0000,0x0000,0x0000,0x0000,0x0000,0x0000,0x0000,0x0000,0x0000,0x0000,0x0000,0x0000,
 0x0000,0x0000,0x0000,0x0000,0x0000,0x0000,0x0000,0x0000,0x0000,0x0000,0x0000,0x0000,
 0x0000,0x0000,0x0000,0x0000,0x0000,0x0000,0x0000,0x0000,0x0000,0x0000,0x0000,0x0000,
 0x0000,0x0000,0x0000,0x0000,0x0000,0x0000,0x0000,0x0000,0x0000,0x0000,0x0000,0x0000,
 0x0000,0x0000,0x0000,0x0000,0x0000,0x0000,0x0000,0x0000,0x0000,0x0000,0x0000,0x0000,
 0x0000,0x0000,0x0000,0x0000,0x0000,0x0000,0x0000,0x0000,0x0000,0x0000,0x0000,0x0000,
 0x0000,0x0000,0x0000,0x0000,0x0000,0x0000,0x0000,0x0000,0x0000,0x0000,0x0000,0x0000,
 0x0000,0x0000,0x0000,0x0000,0x0000,0x0000,0x0000,0x0000,0x0000,0x0000,0x0000,0x0000,
 0x0000,0x0000,0x0000,0x0000,0x0000,0x0000,0x0000,0x0000,0x0000,0x0000,0x0000,0x0000,
 0x0000,0x0000,0x0000,0x0000,0x0000,0x0000,0x0000,0x0000,0x0000,0x0000,0x0000,0x0000,
 0x0000,0x0000,0x0000,0x0000,0x0000,0x0000,0x0000,0x0000,0x0000,0x0000,0x0000,0x0000,
 0x0000,0x0000,0x0000,0x0000,0x0000,0x0000,0x0000,0x0000,0x0000,0x0000,0x0000,0x0000,
 0x0000,0x0000,0x0000,0x0000,0x0000,0x0000,0x0000,0x0000,0x0000,0x0000,0x0000,0x0000,
 0x0000,0x0000,0x0000,0x0000,0x0000,0x0000,0x0000,0x0000,0x0000,0x0000,0x0000,0x0000,
 0x0000,0x0000,0x0000,0x0000,0x0000,0x0000,0x0000,0x0000,0x0000,0x0000,0x0000,0x0000,
 0x0000,0x0000,0x0000,0x0000,0x0000,0x0000,0x0000,0x0000,0x0000,0x0000,0x0000,0x0000,
 0x0000,0x0000,0x0000,0x0000,0x00f6,0x0000,0x0000,0x0000,0x0000,0x0000,0x0000,0x0000,
 0x00ee,0x0000,0x0000,0x0000,0x0000,0x0000,0x0000,0x0000,0x00de,0x0000,0x0000,0x0000,
 0x0000,0x0000,0x0000,0x0000,0x00fe,0x0000,0x0000,0x0000,0x0000,0x0000,0x0000,0x0000,
 0x007e,0x0000,0x0000,0x0000,0x0000,0x0000,0x0020,0x0000,0x6000,0x0000,0x0000,0x0000,
 0x0000,0x0000,0x0060,0x0000,0x6000,0x0000,0x0000,0x0000,0x0000,0x0000,0x01e0,0x0000,
 0x0000,0x0000,0x0000,0x0000,0x0000,0x0000,0x0000,0x3000,0x0000,0x0000,0x0000,0x0000,
 0x0000,0x0000,0x0000,0x3000,0x0000,0x0000,0x0000,0x0000,0x0000,0x0000,0x0000,0x0000,
 0x0000,0x0000,0x0000,0x0000,0x0000,0x0000,0x0000,0x0000,0x0000,0x0000,0x0000,0x0000,
 0x0000,0x0000,0x0000,0x0000,0x0000,0x0000,0x0000,0x0000,0x0000,0x0000,0x0000,0x0000,
 0x0000,0x0000,0x0000,0x0000,0x0000,0x0000,0x0000,0x0000,0x0000,0x0000,0x0000,0x0000,
 0x0000,0x0000,0x0000,0x0000,0x0180,0x0000,0x0000,0x0000,0x0000,0x0000,0x0000,0x0000,
 0x0180,0x0000,0x0000,0x0000,0x0000,0x0000,0x0000,0x0000,0x0000,0x2600,0x0000,0x0000,
 0x0000,0x0000,0x0000,0x00c0,0x0000,0x6600,0x0000,0x0000,0x0000,0x0000,0x0000,0x00c0,
 0x0000,0x6600,0x0000,0x0000,0x0000,0x0000,0x0000,0x0000,0x0000,0xde00,0x0000,0x0000,
 0x0000,0x0000,0x0000,0x0000,0x0000,0x9f00,0x0000,0x0000,0x0000,0x0000,0x0000,0x3800,
 0x0000,0xbf00,0x0000,0x0000,0x0000,0x0000,0x0000,0x7000,0x0000,0x0000,0x0000,0x0000,
 0x0000,0x0000,0x0000,0xf000,0x0000,0x0000,0x0000,0x0000,0x0000,0x0000,0x0001,0xe800,
 0x3f80,0x0000,0x0000,0x0000,0x0000,0x0000,0x0003,0xd800,0x3f80,0x0000,0x0000,0x0000,
 0x0000,0x0000,0x0000,0x0000,0x3f80,0x0000,0x0000,0x0000,0x0000,0x0000,0x0000,0x0000,
 0x3f80,0x0000,0x0000,0x0000,0x0000,0x0000,0x0000,0x0000,0x3f80,0x0000,0x0000,0x0000,
 0x0000,0x0000,0x0000,0x0000,0x0000,0x0000,0x0000,0x0000,0x0000,0x0000,0x0000,0x0000,
 0x0000,0x0000,0x0000,0x0000,0x0000,0x0000,0x0000,0x0000,0x0000,0x0000,0x0000,0x0000,
 0x0000,0x0000,0x0000,0x0000,0x0000,0x0000,0x0000,0x0000,0x0000,0x0000,0x0000,0x0000,
 0x0000,0x0000,0x0000,0x0000,0x0000,0x0000,0x0000,0x0000,0x0000,0x0000,0x0000,0x0000,
 0x0000,0x0000,0x0000,0x0000,0x0000,0x0000,0x0000,0x0000,0x0000,0x0000,0x0000,0x0000,
 0x0000,0x0000,0x0000,0x0000,0x0000,0x0000,0x0000,0x0000,0x0000,0x0000,0x0000,0x0000,
 0x0000,0x0000,0x0000,0x0000,0x0000,0x0000,0x0000,0x0000,0x0000,0x0000,0x0000,0x0000,
 0x0000,0x0000,0x0000,0x0000,0x0000,0x0000,0x0000,0x0000,0x0000,0x0000,0x0000,0x0000,
 0x0000,0x0000,0x0000,0x0000,0x0000,0x0000,0x0000,0x0000,0x0000,0x0000,0x0000,0x0000,
 0x0000,0x0000,0x0000,0x0000,0x0000,0x0000,0x0000,0x0000,0x0000,0x0000,0x0000,0x0000,
 0x0000,0x0000,0x0000,0x0000,0x0000,0x0000,0x0000,0x0000,0x0000,0x0000,0x0000,0x0000,
 0x0000,0x0000,0x0000,0x0000,0x0000,0x0000,0x0000,0x0000,0x0000,0x0000,0x0000,0x0000,
 0x0000,0x0000,0x0000,0x0000,0x0000,0x0000,0x0000,0x0000,0x0000,0x0000,0x0000,0x0000,
 0x0000,0x0000,0x0000,0x0000,0x0000,0x0000,0x0000,0x0000,0x0000,0x0000,0x0000,0x0000,
 0x0000,0x0000,0x0000,0x0000,0x0000,0x0000,0x0000,0x0000,0x0000,0x0000,0x0000,0x0000,
 0x0000,0x0000,0x0000,0x0000,0x0000,0x0000,0x0000,0x0000,0x0000,0x0000,0x0000,0x0000,
 0x0000,0x0000,0x0000,0x0000,0x0007,0xf000,0x0000,0x0000,0x0000,0x0000,0x0000,0x0000,
 0x0007,0xf000,0x0000,0x0000,0x0000,0x0000,0x0000,0x0000,0x0007,0xf000,0x0000,0x0000,
 0x0000,0x0000,0x0000,0x0007,0xe007,0xf000,0x0000,0x0000,0x0000,0x0000,0x0000,0x000f,
 0xf807,0xf000,0x0000,0x0000,0x0000,0x0000,0x0000,0x001f,0xfe00,0x0000,0x0000,0x0000,
 0x0000,0x0000,0x0000,0x007f,0xfe00,0x0000,0x0000,0x0000,0x0000,0x0000,0x0000,0x00ff,
 0xff00,0x0000,0x0000,0x0000,0x0000,0x0000,0x0000,0x017f,0xff00,0x0000,0x0000,0x0000,
 0x0000,0x0000,0x1000,0x01ff,0xff0c,0xe500,0x0000,0x0000,0x0000,0x0000,0xdb00,0x01ff,
 0xff1f,0xffc0,0x0000,0x0000,0x0000,0x0001,0xfffc,0x00ff,0xffff,0xffe0,0x0000,0x0000,
 0x0000,0x0007,0xfffe,0x00ff,0xfeff,0xffe8,0x0000,0x0000,0x0000,0x0007,0xfffe,0x03ff,
 0xecff,0xfffc,0x0000,0x0000,0x0000,0x001f,0xffff,0x1fff,0xd1ff,0xfffc,0x0000,0x0000,
 0x0000,0x001f,0xffff,0xcfff,0xfdff,0xfffe,0x0000,0x0000,0x0000,0x003f,0xffff,0x9fff,
 0xffff,0xffff,0x8000,0x0000,0x0000,0x007f,0xfffe,0x1fff,0xffff,0xffff,0x8000,0x0000,
 0x0000,0x003f,0xffff,0x3fff,0xffff,0xffff,0x0000,0x0000,0x0000,0x001f,0xfffe,0x3fff,
 0xffff,0xffff,0x8000,0x0000,0x0000,0x003f,0xfffd,0xffff,0xffff,0xffff,0x0000,0x0000,
 0x0000,0x001f,0xfffe,0xffff,0xffff,0xfffc,0x0000,0x0000,0x0000,0x007f,0xfffb,0xffff,
 0xffff,0xffff,0x0000,0x0000,0x0000,0x007f,0xfff5,0xffff,0xffbf,0xfffe,0x0000,0x0000,
 0x0000,0x01ff,0xffa7,0xffff,0xffbf,0xffff,0x0000,0x0000,0x0000,0x01ff,0xfc07,0xffff,
 0xfc0f,0xffff,0x8000,0x0000,0x0000,0x01ff,0xf803,0xffff,0xf802,0x1fff,0x8000,0x0000,
 0x0000,0x01ff,0xfc01,0xffff,0xfe00,0x1fff,0xc000,0x0000,0x0000,0x03ff,0xf800,0xffff,
 0xfe00,0x0fff,0xc000,0x0000,0x0000,0x01ff,0xf000,0xffff,0xff00,0x0fff,0xc000,0x0000,
 0x0000,0x007f,0xf000,0x7fff,0xff40,0x07ff,0xc000,0x0000,0x0000,0x0027,0xc000,0x7fff,
 0xffc0,0x01ff,0xc000,0x0000,0x0000,0x0006,0x0000,0x3fff,0xffc0,0x003f,0xc000,0x0000,
 0x0000,0x0000,0x0000,0x3fff,0xffc0,0x0000,0x0000,0x0000,0x0000,0x0000,0x0000,0x3fff,
 0xff80,0x0000,0x0000,0x0000,0x0000,0x0000,0x0000,0x3fff,0xff80,0x0000,0x0000,0x0000,
 0x0000,0x0000,0x0000,0x1fff,0xff80,0x0000,0x0000,0x0000,0x0000,0x0000,0x0007,0x0fff,
 0xe200,0x0000,0x0000,0x0000,0x0000,0x0000,0x000f,0x07f9,0x0000,0x0000,0x0000,0x0000,
 0x0000,0x0000,0x001f,0x03f0,0x0000,0x0000,0x0000,0x0000,0x0000,0x0000,0x003f,0x0100,
 0x01fc,0x0000,0x0000,0x0000,0x0000,0x0000,0x007f,0x0000,0x01fc,0x0000,0x0000,0x0000,
 0x0000,0x0000,0x0000,0x0000,0x01fc,0x0000,0x0000,0x0000,0x0000,0x0000,0x0000,0x0000,
 0x01fc,0x0000,0x0000,0x0000,0x0000,0x0000,0x0000,0x0000,0x01fc,0x0000,0x0000,0x0000,
 0x0000,0x0000,0x0000,0x0000,0x0000,0x0000,0x0000,0x0000,0x0000,0x0000,0x0000,0x0000,
 0x0000,0x0000,0x0000,0x0000,0x0000,0x0000,0x0000,0x0000,0x0000,0x0000,0x0000,0x0000,
 0x0000,0x0000,0x0000,0x0000,0x0000,0x0000,0x0000,0x0000,0x0000,0x0000,0x0000,0x0000,
 0x0000,0x0000,0x0000,0x0000,0x0000,0x0000,0x0000,0x0000,0x0000,0x0000,0x0000,0x0000,
 0x0000,0x0000,0x0000,0x0000,0x0000,0x0000,0x0000,0x0000,0x0000,0x0000,0x0000,0x0000,
 0x0000,0x0000,0x0000,0x0000,0x0000,0x0000,0x0000,0x0000,0x0000,0x0000,0x0000,0x0000,
 0x0000,0x0000,0x0000,0x0000,0x0000,0x0000,0x0000,0x0000,0x0000,0x0000,0x0000,0x0000,
 0x0000,0x0000,0x0000,0x0000,0x0000,0x0000,0x0000,0x0000,0x0000,0x0000,0x0000,0x0000,
 0x0000,0x0000,0x0000,0x0000,0x0000,0x0000,0x0000,0x0000,0x0000,0x0000,0x0000,0x0000,
 0x0000,0x0000,0x0000,0x0000,0x0000,0x0000,0x0000,0x0000,0x0000,0x0000,0x0000,0x0000,
 0x0000,0x0000,0x0000,0x0000,0x0000,0x0000,0x0000,0x0000,0x0000,0x0000,0x0000,0x0000,
 0x0000,0x0000,0x0000,0x0000,0x0000,0x0000,0x0000,0x0000,0x0000,0x0000,0x0000,0x0000,
 0x0000,0x0000,0x0000,0x0000,0x0000,0x0000,0x0000,0x0000,0x0000,0x0000,0x0000,0x0000,
 0x0003,0x4000,0x0000,0x0000,0x0000,0x0000,0x0000,0x0000,0x0000,0xd000,0x0000,0x0000,
 0x0000,0x0000,0x0000,0x0000,0x0007,0x5000,0x0000,0x0000,0x0000,0x0000,0x0000,0x0000,
 0x0003,0xf000,0x0000,0x0000,0x0000,0x0000,0x0000,0x0002,0x2005,0x8000,0x0000,0x0000,
 0x0000,0x0000,0x0000,0x0008,0x0000,0x0000,0x0000,0x0000,0x0000,0x0000,0x0000,0x0010,
 0x0400,0x0000,0x0000,0x0000,0x0000,0x0000,0x0000,0x000f,0x0c00,0x0000,0x0000,0x0000,
 0x0000,0x0000,0x0000,0x0002,0x1c00,0x0000,0x0000,0x0000,0x0000,0x0000,0x0000,0x0040,
 0xc000,0x0000,0x0000,0x0000,0x0000,0x0000,0x8000,0x0004,0x2800,0x1000,0x0000,0x0000,
 0x0000,0x0001,0x1000,0x0055,0x700d,0x5200,0x0000,0x0000,0x0000,0x0000,0x7460,0x0055,
 0xe02b,0x8960,0x0000,0x0000,0x0000,0x0003,0x3c80,0x0029,0xc007,0xace0,0x0000,0x0000,
 0x0000,0x0001,0x2098,0x0188,0x005c,0x2210,0x0000,0x0000,0x0000,0x0009,0x8380,0x0262,
 0x0066,0x3070,0x0000,0x0000,0x0000,0x0008,0x780c,0x0603,0x80fa,0x781c,0x0000,0x0000,
 0x0000,0x0018,0x009c,0x0400,0xfd03,0xe438,0x0000,0x0000,0x0000,0x0018,0xc0cc,0x00c0,
 0xc728,0xc0ac,0x0000,0x0000,0x0000,0x0009,0x0080,0x1a31,0x063e,0x42cc,0x0000,0x0000,
 0x0000,0x000e,0x2410,0x1412,0x2762,0x2768,0x0000,0x0000,0x0000,0x0005,0x3428,0x384a,
 0x9715,0x0600,0x0000,0x0000,0x0000,0x0003,0x1010,0x2000,0x0014,0x2c30,0x0000,0x0000,
 0x0000,0x0006,0x8080,0xd085,0x2a05,0x2042,0x0000,0x0000,0x0000,0x0000,0x6000,0x5040,
 0x9407,0x6443,0x0000,0x0000,0x0000,0x0002,0x5000,0x4880,0x0800,0x0482,0x0000,0x0000,
 0x0000,0x008c,0x0000,0x4c0c,0x3000,0x000d,0x0000,0x0000,0x0000,0x0097,0xf000,0x7337,
 0x9000,0x0226,0x4000,0x0000,0x0000,0x003d,0x3000,0x7d9c,0x3800,0x04bf,0x4000,0x0000,
 0x0000,0x0003,0x8000,0x1608,0x3400,0x021f,0x4000,0x0000,0x0000,0x0003,0x0000,0x1088,
 0x8500,0x0098,0x4000,0x0000,0x0000,0x0000,0x0000,0x0649,0x2a80,0x0018,0x0000,0x0000,
 0x0000,0x0000,0x0000,0x0828,0x5000,0x0010,0xc000,0x0000,0x0000,0x0000,0x0000,0x1a8a,
 0xa180,0x0000,0x0000,0x0000,0x0000,0x0000,0x0000,0x0642,0x4900,0x0000,0x0000,0x0000,
 0x0000,0x0000,0x0000,0x069a,0xfc00,0x0000,0x0000,0x0000,0x0000,0x0000,0x0000,0x003f,
 0xf000,0x0000,0x0000,0x0000,0x0000,0x0000,0x0000,0x000c,0x0000,0x0000,0x0000,0x0000,
 0x0000,0x0000,0x000d,0x00c0,0x0000,0x0000,0x0000,0x0000,0x0000,0x0000,0x001c,0x0000,
 0x0000,0x0000,0x0000,0x0000,0x0000,0x0000,0x0006,0x0000,0x0084,0x0000,0x0000,0x0000,
 0x0000,0x0000,0x0003,0x0000,0x007c,0x0000,0x0000,0x0000,0x0000,0x0000,0x0000,0x0000,
 0x0000,0x0000,0x0000,0x0000,0x0000,0x0000,0x0000,0x0000,0x0000,0x0000,0x0000,0x0000,
 0x0000,0x0000,0x0000,0x0000,0x01f4,0x0000,0x0000,0x0000,0x0000,0x0000,0x0000,0x0000,
 0x0000,0x0000,0x0000,0x0000,0x0000,0x0000,0x0000,0x0000,0x0000,0x0000,0x0000,0x0000,
 0x0000,0x0000,0x0000,0x0000,0x0000,0x0000,0x0000,0x0000,0x0000,0x0000,0x0000,0x0000,
 0x0000,0x0000,0x0000,0x0000,0x0000,0x0000,0x0000,0x0000,0x0000,0x0000,0x0000,0x0000,
 0x0000,0x0000,0x0000,0x0000,0x0000,0x0000,0x0000,0x0000,0x0000,0x0000,0x0000,0x0000,
 0x0000,0x0000,0x0000,0x0000,0x0000,0x0000,0x0000,0x0000,0x0000,0x0000,0x0000,0x0000,
 0x0000,0x0000,0x0000,0x0000,0x0000,0x0000,0x0000,0x0000,0x0000,0x0000,0x0000,0x0000,
 0x0000,0x0000,0x0000,0x0000,0x0000,0x0000,0x0000,0x0000,0x0000,0x0000,0x0000,0x0000,
 0x0000,0x0000,0x0000,0x0000,0x0000,0x0000,0x0000,0x0000,0x0000,0x0000,0x0000,0x0000,
 0x0000,0x0000,0x0000,0x0000,0x0000,0x0000,0x0000,0x0000,0x0000,0x0000,0x0000,0x0000,
 0x0000,0x0000,0x0000,0x0000,0x0000,0x0000,0x0000,0x0000,0x0000,0x0000,0x0000,0x0000,
 0x0000,0x0000,0x0000,0x0000,0x0000,0x0000,0x0000,0x0000,0x0000,0x0000,0x0000,0x0000,
 0x0000,0x0000,0x0000,0x0000,0x0000,0x0000,0x0000,0x0000,0x0000,0x0000,0x0000,0x0000,
 0x0000,0x0000,0x0000,0x0000,0x0000,0x0000,0x0000,0x0000,0x0004,0x3000,0x0000,0x0000,
 0x0000,0x0000,0x0000,0x0000,0x0000,0x6000,0x0000,0x0000,0x0000,0x0000,0x0000,0x0000,
 0x0000,0xc000,0x0000,0x0000,0x0000,0x0000,0x0000,0x0007,0xe004,0x0000,0x0000,0x0000,
 0x0000,0x0000,0x0000,0x000e,0x3800,0x0000,0x0000,0x0000,0x0000,0x0000,0x0000,0x0018,
 0x1e00,0x0000,0x0000,0x0000,0x0000,0x0000,0x0000,0x0070,0x0e00,0x0000,0x0000,0x0000,
 0x0000,0x0000,0x0000,0x00ef,0x0f00,0x0000,0x0000,0x0000,0x0000,0x0000,0x0000,0x0162,
 0x1f00,0x0000,0x0000,0x0000,0x0000,0x0000,0x1000,0x01e0,0xcf0c,0xe500,0x0000,0x0000,
 0x0000,0x0000,0x5b00,0x01e4,0x2f1f,0xffc0,0x0000,0x0000,0x0000,0x0000,0xfffc,0x00d5,
 0x7fff,0xfbe0,0x0000,0x0000,0x0000,0x0003,0xfffe,0x00d5,0xfeff,0x8968,0x0000,0x0000,
 0x0000,0x0007,0x3ffe,0x03e9,0xecff,0xacfc,0x0000,0x0000,0x0000,0x001f,0x22bf,0x1faf,
 0xd1fe,0x223c,0x0000,0x0000,0x0000,0x0019,0x838f,0xce63,0xfdee,0x307e,0x0000,0x0000,
 0x0000,0x0038,0x780f,0x9e03,0xfffa,0x781f,0x8000,0x0000,0x0000,0x0078,0x009e,0x1c00,
 0xffdb,0xe43f,0x8000,0x0000,0x0000,0x0038,0xc0cf,0x30c0,0xc7e8,0xc0ef,0x0000,0x0000,
 0x0000,0x0019,0x008e,0x3a31,0x07fe,0x42ff,0x8000,0x0000,0x0000,0x003e,0x2415,0xf412,
 0x27f2,0x27ff,0x0000,0x0000,0x0000,0x001f,0xb42e,0xf84a,0x97f5,0x0ffc,0x0000,0x0000,
 0x0000,0x007f,0xf01b,0xe000,0x03fc,0x2fff,0x0000,0x0000,0x0000,0x0067,0xf8f5,0xd085,
 0x2bbf,0x3fe6,0x0000,0x0000,0x0000,0x01c0,0xffa7,0xd040,0x97bf,0xfe43,0x0000,0x0000,
 0x0000,0x0182,0x5c07,0xc880,0x0c0f,0xfc83,0x8000,0x0000,0x0000,0x018c,0x0803,0xcc0c,
 0x3802,0x1c0d,0x8000,0x0000,0x0000,0x0197,0xfc01,0xf337,0xfe00,0x1a38,0x4000,0x0000,
 0x0000,0x03bd,0x3800,0xfd9c,0x3e00,0x0ca0,0x4000,0x0000,0x0000,0x01eb,0xb000,0xf608,
 0x3f00,0x0e20,0x4000,0x0000,0x0000,0x007f,0xf000,0x7888,0x8f40,0x0680,0x4000,0x0000,
 0x0000,0x0027,0xc000,0x7649,0x2bc0,0x01c0,0x0000,0x0000,0x0000,0x0006,0x0000,0x3828,
 0x51c0,0x0000,0x0000,0x0000,0x0000,0x0000,0x0000,0x3e8a,0xa1c0,0x0000,0x0000,0x0000,
 0x0000,0x0000,0x0000,0x3e42,0x4b80,0x0000,0x0000,0x0000,0x0000,0x0000,0x0000,0x3e9b,
 0xff80,0x0000,0x0000,0x0000,0x0000,0x0000,0x0000,0x1e3f,0xff80,0x0000,0x0000,0x0000,
 0x0000,0x0000,0x0000,0x0f7f,0xe200,0x0000,0x0000,0x0000,0x0000,0x0000,0x0000,0x07f9,
 0x0000,0x0000,0x0000,0x0000,0x0000,0x0000,0x0001,0x03f0,0x0000,0x0000,0x0000,0x0000,
 0x0000,0x0000,0x0032,0x0100,0x0000,0x0000,0x0000,0x0000,0x0000,0x0000,0x0065,0x0000,
 0x0180,0x0000,0x0000,0x0000,0x0000,0x0000,0x0000,0x0000,0x0000,0x0000,0x0000,0x0000,
 0x0000,0x0000,0x0000,0x0000,0x01f8,0x0000,0x0000,0x0000,0x0000,0x0000,0x0000,0x0000,
 0x0008,0x0000,0x0000,0x0000,0x0000,0x0000,0x0000,0x0000,0x0000,0x0000,0x0000,0x0000,
 0x0000,0x0000,0x0000,0x0000,0x0000,0x0000,0x0000,0x0000,0x0000,0x0000,0x0000,0x0000,
 0x0000,0x0000,0x0000,0x0000,0x0000,0x0000,0x0000,0x0000,0x0000,0x0000,0x0000,0x0000,
 0x0000,0x0000,0x0000,0x0000,0x0000,0x0000,0x0000,0x0000,0x0000,0x0000,0x0000,0x0000,
 0x0000,0x0000,0x0000,0x0000,0x0000,0x0000,0x0000,0x0000,0x0000,0x0000,0x0000,0x0000,
 0x0000,0x0000,0x0000,0x0000,0x0000,0x0000,0x0000,0x0000,0x0000,0x0000,0x0000,0x0000,
 0x0000,0x0000,0x0000,0x0000,0x0000,0x0000,0x0000,0x0000,0x0000,0x0000,0x0000,0x0000,
 0x0000,0x0000,0x0000,0x0000,0x0000,0x0000,0x0000,0x0000,0x0000,0x0000,0x0000,0x0000,
 0x0000,0x0000,0x0000,0x0000,0x0000,0x0000,0x0000,0x0000,0x0000,0x0000,0x0000,0x0000,
 0x0000,0x0000,0x0000,0x0000,0x0000,0x0000,0x0000,0x0000,0x0000,0x0000,0x0000,0x0000,
 0x0000,0x0000,0x0000,0x0000,0x0000,0x0000,0x0000,0x0000,0x0000,0x0000,0x0000,0x0000,
 0x0000,0x0000,0x0000,0x0000,0x0000,0x0000,0x0000,0x0000,0x0000,0x0000,0x0000,0x0000,
 0x0000,0x0000,0x0000,0x0000,0x0000,0x0000,0x0000,0x0000,0x0000,0x0000,0x0000,0x0000,
 0x0000,0x0000,0x0000,0x0000,0x0000,0x0000,0x0000,0x0000,0x0000,0x0000,0x0000,0x0000,
 0x0000,0x0000,0x0000,0x0000,0x0000,0x0000,0x0000,0x0000,0x0000,0x0000,0x0000,0x0000,
 0x0000,0x0000,0x0000,0x0000,0x0000,0x0000,0x0000,0x0000,0x0000,0x0000,0x0000,0x0001,
 0xc000,0x0000,0x0000,0x0000,0x0000,0x0000,0x0000,0x0007,0xe000,0x0000,0x0000,0x0000,
 0x0000,0x0000,0x0000,0x000f,0xf000,0x0000,0x0000,0x0000,0x0000,0x0000,0x0000,0x0010,
 0xf000,0x0000,0x0000,0x0000,0x0000,0x0000,0x0000,0x001d,0xe000,0x0000,0x0000,0x0000,
 0x0000,0x0000,0x0000,0x001f,0x3000,0x0000,0x0000,0x0000,0x0000,0x0000,0x8000,0x001b,
 0xd000,0x0000,0x0000,0x0000,0x0000,0x0001,0x8000,0x002a,0x8000,0x0400,0x0000,0x0000,
 0x0000,0x0005,0x8000,0x002a,0x0000,0x7680,0x0000,0x0000,0x0000,0x0000,0xc000,0x0016,
 0x0000,0x5300,0x0000,0x0000,0x0000,0x0000,0xdd40,0x0050,0x0001,0xddc0,0x0000,0x0000,
 0x0000,0x0006,0x7c70,0x019c,0x0011,0xcf80,0x0000,0x0000,0x0000,0x0007,0x87f0,0x01fc,
 0x0005,0x87e0,0x0000,0x0000,0x0000,0x0007,0xff60,0x03ff,0x0024,0x1bc0,0x0000,0x0000,
 0x0000,0x0007,0x3f30,0x0f3f,0x3817,0x3f10,0x0000,0x0000,0x0000,0x0006,0xff70,0x05ce,
 0xf801,0xbd00,0x0000,0x0000,0x0000,0x0001,0xdbe8,0x0bed,0xd80d,0xd800,0x0000,0x0000,
 0x0000,0x0000,0x4bd0,0x07b5,0x680a,0xf000,0x0000,0x0000,0x0000,0x0000,0x0fe0,0x1fff,
 0xfc03,0xd000,0x0000,0x0000,0x0000,0x0018,0x0700,0x2f7a,0xd400,0xc018,0x0000,0x0000,
 0x0000,0x003f,0x0000,0x2fbf,0x6800,0x01bc,0x0000,0x0000,0x0000,0x007d,0xa000,0x377f,
 0xf000,0x037c,0x0000,0x0000,0x0000,0x0073,0xf000,0x33f3,0xc000,0x03f2,0x0000,0x0000,
 0x0000,0x0068,0x0000,0x0cc8,0x0000,0x05c0,0x0000,0x0000,0x0000,0x0042,0xc000,0x0263,
 0xc000,0x0340,0x0000,0x0000,0x0000,0x0014,0x4000,0x09f7,0xc000,0x01c0,0x0000,0x0000,
 0x0000,0x0000,0x0000,0x0777,0x7000,0x0140,0x0000,0x0000,0x0000,0x0000,0x0000,0x09b6,
 0xd400,0x0000,0x0000,0x0000,0x0000,0x0000,0x0000,0x07d7,0xae00,0x0000,0x0000,0x0000,
 0x0000,0x0000,0x0000,0x0175,0x5e00,0x0000,0x0000,0x0000,0x0000,0x0000,0x0000,0x01bd,
 0xb400,0x0000,0x0000,0x0000,0x0000,0x0000,0x0000,0x0164,0x0000,0x0000,0x0000,0x0000,
 0x0000,0x0000,0x0000,0x01c0,0x0000,0x0000,0x0000,0x0000,0x0000,0x0000,0x0000,0x0080,
 0x0000,0x0000,0x0000,0x0000,0x0000,0x0000,0x0000,0x0000,0x0000,0x0000,0x0000,0x0000,
 0x0000,0x0000,0x0000,0x0000,0x0000,0x0000,0x0000,0x0000,0x0000,0x0000,0x0000,0x0000,
 0x0000,0x0000,0x0000,0x0000,0x0000,0x0000,0x0000,0x0000,0x0000,0x0000,0x0000,0x0000,
 0x0000,0x0000,0x0000,0x0000,0x0000,0x0000,0x0000,0x0000,0x0000,0x0000,0x0000,0x0000,
 0x0000,0x0000,0x0000,0x0000,0x0000,0x0000,0x0000,0x0000,0x0000,0x0000,0x0000,0x0000,
 0x0000,0x0000,0x0000,0x0000,0x0000,0x0000,0x0000,0x0000,0x0000,0x0000,0x0000,0x0000,
 0x0000,0x0000,0x0000,0x0000,0x0000,0x0000,0x0000,0x0000,0x0000,0x0000,0x0000,0x0000,
 0x0000,0x0000,0x0000,0x0000,0x0000,0x0000,0x0000,0x0000,0x0000,0x0000,0x0000,0x0000,
 0x0000,0x0000,0x0000,0x0000,0x0000,0x0000,0x0000,0x0000,0x0000,0x0000,0x0000,0x0000,
 0x0000,0x0000,0x0000,0x0000,0x0000,0x0000,0x0000,0x0000,0x0000,0x0000,0x0000,0x0000,
 0x0000,0x0000,0x0000,0x0000,0x0000,0x0000,0x0000,0x0000,0x0000,0x0000,0x0000,0x0000,
 0x0000,0x0000,0x0000,0x0000,0x0000,0x0000,0x0000,0x0000,0x0000,0x0000,0x0000,0x0000,
 0x0000,0x0000,0x0000,0x0000,0x0000,0x0000,0x0000,0x0000,0x0000,0x0000,0x0000,0x0000,
 0x0000,0x0000,0x0000,0x0000,0x0000,0x0000,0x0000,0x0000,0x0000,0x0000,0x0000,0x0000,
 0x0000,0x0000,0x0000,0x0000,0x0000,0x0000,0x0000,0x0000,0x0000,0x0000,0x0000,0x0000,
 0x0000,0x0000,0x0000,0x0000,0x0000,0x0000,0x0000,0x0000,0x0000,0x0000,0x0000,0x0000,
 0x0000,0x0000,0x0000,0x0000,0x0000,0x0000,0x0000,0x0000,0x0000,0x0000,0x0000,0x0000,
 0x0000,0x0000,0x0000,0x0000,0x0000,0x0000,0x0000,0x0000,0x0000,0x0000,0x0000,0x0000,
 0x0007,0xb000,0x0000,0x0000,0x0000,0x0000,0x0000,0x0000,0x0007,0x7000,0x0000,0x0000,
 0x0000,0x0000,0x0000,0x0000,0x0006,0xf000,0x0000,0x0000,0x0000,0x0000,0x0000,0x0000,
 0x0007,0xf000,0x0000,0x0000,0x0000,0x0000,0x0000,0x0000,0x0003,0xf000,0x0000,0x0000,
 0x0000,0x0000,0x0000,0x0000,0x0000,0x0000,0x0000,0x0000,0x0000,0x0000,0x0000,0x0000,
 0x0000,0x0000,0x0000,0x0000,0x0000,0x0000,0x0000,0x0000,0x0000,0x0000,0x0000,0x0000,
 0x0000,0x0000,0x0000,0x0000,0x0000,0x0000,0x0000,0x0000,0x0000,0x0000,0x0000,0x0000,
 0x0000,0x0000,0x0000,0x0000,0x0000,0x0000,0x8000,0x0000,0x0000,0x0000,0x0000,0x0000,
 0x0000,0x0001,0x8000,0x0000,0x0000,0x0000,0x0000,0x0000,0x0000,0x0007,0x8000,0x0000,
 0x0000,0x0000,0x0000,0x0000,0x0000,0x0000,0x0000,0x0000,0x0000,0x0000,0x0000,0x0000,
 0x0000,0x0000,0x0000,0x0000,0x0000,0x0000,0x0000,0x0000,0x0000,0x0000,0x0000,0x0000,
 0x0000,0x0000,0x0000,0x0000,0x0000,0x0000,0x0000,0x0000,0x0000,0x0000,0x0000,0x0000,
 0x0000,0x0000,0x0000,0x0000,0x0000,0x0000,0x0000,0x0000,0x0000,0x0000,0x0000,0x0000,
 0x0000,0x0000,0x0000,0x0000,0x0000,0x0000,0x0000,0x0000,0x0000,0x0000,0x0000,0x0000,
 0x0000,0x0000,0x0000,0x0000,0x0000,0x0000,0x0000,0x0000,0x0000,0x0000,0x0000,0x0000,
 0x0000,0x0000,0x0000,0x0000,0x0000,0x0000,0x0000,0x0000,0x0000,0x0000,0x0000,0x0000,
 0x0000,0x0000,0x0000,0x0000,0x0000,0x0000,0x0000,0x0000,0x0000,0x0000,0x0000,0x0000,
 0x0000,0x0000,0x0000,0x0000,0x0000,0x0000,0x0000,0x0000,0x0000,0x0000,0x0000,0x0000,
 0x0000,0x0000,0x0000,0x0000,0x0000,0x0000,0x0000,0x0000,0x0000,0x0000,0x0000,0x0000,
 0x0000,0x0009,0x8000,0x0000,0x0000,0x0000,0x0000,0x0000,0x0000,0x0019,0x8000,0x0000,
 0x0000,0x0000,0x0000,0x0000,0x0000,0x0019,0x8000,0x0000,0x0000,0x0000,0x0000,0x0000,
 0x0000,0x0037,0x8000,0x0000,0x0000,0x0000,0x0000,0x0000,0x0000,0x0027,0xc000,0x0000,
 0x0000,0x0000,0x0000,0x0000,0x0000,0x002f,0xc000,0x0000,0x0000,0x0000,0x0000,0x0000,
 0x0000,0x0000,0x0000,0x0000,0x0000,0x0000,0x0000,0x0000,0x0000,0x0000,0x0000,0x0000,
 0x0000,0x0000,0x0000,0x0000,0x0000,0x0000,0x0000,0x0000,0x0000,0x0000,0x0000,0x0000,
 0x0000,0x0000,0x0000,0x0000,0x0000,0x0000,0x0007,0x0000,0x0000,0x0000,0x0000,0x0000,
 0x0000,0x0000,0x000e,0x0000,0x0000,0x0000,0x0000,0x0000,0x0000,0x0000,0x001e,0x0000,
 0x0000,0x0000,0x0000,0x0000,0x0000,0x0000,0x003d,0x0000,0x01fc,0x0000,0x0000,0x0000,
 0x0000,0x0000,0x007b,0x0000,0x01fc,0x0000,0x0000,0x0000,0x0000,0x0000,0x0000,0x0000,
 0x01fc,0x0000,0x0000,0x0000,0x0000,0x0000,0x0000,0x0000,0x01fc,0x0000,0x0000,0x0000,
 0x0000,0x0000,0x0000,0x0000,0x01fc,0x0000,0x0000,0x0000,0x0000,0x0000,0x0000,0x0000,
 0x0000,0x0000,0x0000,0x0000,0x0000,0x0000,0x0000,0x0000,0x0000,0x0000,0x0000,0x0000,
 0x0000,0x0000,0x0000,0x0000,0x0000,0x0000,0x0000,0x0000,0x0000,0x0000,0x0000,0x0000,
 0x0000,0x0000,0x0000,0x0000,0x0000,0x0000,0x0000,0x0000,0x0000,0x0000,0x0000,0x0000,
 0x0000,0x0000,0x0000,0x0000,0x0000,0x0000,0x0000,0x0000,0x0000,0x0000,0x0000,0x0000,
 0x0000,0x0000,0x0000,0x0000,0x0000,0x0000,0x0000,0x0000,0x0000,0x0000,0x0000,0x0000,
 0x0000,0x0000,0x0000,0x0000,0x0000,0x0000,0x0000,0x0000,0x0000,0x0000,0x0000,0x0000,
 0x0000,0x0000,0x0000,0x0000,0x0000,0x0000,0x0000,0x0000,0x0000,0x0000,0x0000,0x0000,
 0x0000,0x0000,0x0000,0x0000,0x0000,0x0000,0x0000,0x0000,0x0000,0x0000,0x0000,0x0000,
 0x0000,0x3f80,0x0000,0x0000,0x0000,0x0000,0x0000,0x0000,0x0000,0x3f80,0x0000,0x0000,
 0x0000,0x0000,0x0000,0x0000,0x0000,0x3f80,0x0000,0x0000,0x0000,0x0000,0x0000,0x0000,
 0x0000,0x3f80,0x0000,0x0000,0x0000,0x0000,0x0000,0x0000,0x0000,0x3f80,0x0000,0x0000,
 0x0000,0x0000,0x0000,0x0000,0x0000,0x0000,0x0000,0x0000,0x0000,0x0000,0x0000,0x0000,
 0x8000,0x0000,0x0000,0x0000,0x0000,0x0000,0x0000,0x0007,0xa000,0x0000,0x0000,0x0000,
 0x0000,0x0000,0x0000,0x003f,0xf800,0x0000,0x0000,0x0000,0x0000,0x0000,0x0000,0x003f,
 0xfd00,0x0000,0x0000,0x0000,0x0000,0x0000,0x0000,0x007f,0xff80,0x0000,0x0000,0x0000,
 0x0000,0x0000,0x0000,0x03ff,0xffc0,0x0000,0x0000,0x0000,0x0000,0x0000,0x4000,0x01ff,
 0xfff0,0x0080,0x0000,0x0000,0x0000,0x0001,0x7400,0x2fff,0xfffb,0x7fc0,0x0000,0x0000,
 0x0000,0x0004,0x6d08,0x57ff,0xffef,0xffe0,0x0000,0x0000,0x0000,0x020f,0xf71c,0xafff,
 0xffff,0xfffc,0xa000,0x0000,0x0000,0x07df,0xfbfe,0xafff,0xffff,0xffff,0xc000,0x0000,
 0x0000,0x1f7f,0xffff,0x7fff,0xffff,0xffff,0xf000,0x0000,0x0000,0x07ff,0xfffc,0x7fff,
 0xffff,0xffff,0xf800,0x0000,0x0000,0x37ff,0xfffe,0xffff,0xffff,0xffff,0xf000,0x0000,
 0x0000,0x0fff,0xffff,0xffff,0xffff,0xffff,0xfc00,0x0000,0x0000,0x1fff,0xffff,0xffff,
 0xffff,0xffff,0xff00,0x0000,0x0000,0x07ff,0xffff,0xffff,0xffff,0xffff,0xffe0,0x0000,
 0x0000,0x0fff,0xffff,0xffff,0xffff,0xffff,0xffc0,0x0000,0x0000,0x0bff,0xffff,0xffff,
 0xffff,0xffff,0xffe0,0x0000,0x0000,0x0fff,0xffff,0xffff,0xffff,0xffff,0xffd0,0x0000,
 0x0000,0x1fff,0xffff,0xffff,0xffff,0xffff,0xffe0,0x0000,0x0000,0x0fff,0xffff,0xffff,
 0xffff,0xffff,0xff40,0x0000,0x0000,0x17ff,0xffff,0xffff,0xffff,0xffff,0xffc0,0x0000,
 0x0000,0x3fff,0xffff,0xffff,0xffff,0xffff,0xfc00,0x0000,0x0000,0x7fff,0xffff,0xffff,
 0xffff,0xffff,0xff00,0x0000,0x0000,0x7fff,0xffbf,0xffff,0xffff,0xffff,0xff00,0x0000,
 0x0000,0x7fff,0xff9f,0xffff,0xffff,0xffff,0xfe00,0x0000,0x0000,0x7fff,0xf41f,0xffff,
 0xfff7,0xffff,0xff00,0x0000,0x0000,0x7fff,0xf83f,0xffff,0xfff8,0xffff,0xff00,0x0000,
 0x0000,0x7fff,0xf81f,0xffff,0xfff0,0x1fff,0xfe00,0x0000,0x0000,0x3fff,0xfc1f,0xffff,
 0xffe0,0x0fff,0xfe00,0x0000,0x0000,0x3fff,0xf03f,0xffff,0xfff0,0x07ff,0xfff0,0x0000,
 0x0000,0x0fff,0xf04f,0xffff,0xffe0,0x09ff,0xfff0,0x0000,0x0000,0x03ff,0xa03f,0xffff,
 0xfff0,0x027f,0xfff0,0x0000,0x0000,0x003f,0x400f,0xffff,0xffe0,0x0017,0xcff0,0x0000,
 0x0000,0x001c,0x001d,0xffff,0xfff8,0x0004,0x0ff0,0x0000,0x0000,0x0000,0x000b,0xffff,
 0xffd8,0x0000,0x0ff0,0x0000,0x0000,0x0000,0x0003,0x7fff,0xffc0,0x0000,0x0000,0x0000,
 0x0000,0x0000,0x0001,0x7fff,0xffe0,0x0000,0x0000,0x0000,0x0000,0x0000,0x0000,0x7fff,
 0xfe80,0x0000,0x0000,0x0000,0x0000,0x0000,0x0000,0x7fff,0xfc00,0x0000,0x0000,0x0000,
 0x0000,0x0000,0x0000,0x3fff,0xf400,0x0000,0x0000,0x0000,0x0000,0x0000,0x0000,0x0fff,
 0xf000,0x0000,0x0000,0x0000,0x0000,0x0000,0x0000,0x007f,0xd000,0x0000,0x0000,0x0000,
 0x0000,0x0000,0x0000,0x002b,0x8000,0x0000,0x0000,0x0000,0x0000,0x0000,0x0000,0x0000,
 0x0000,0x0000,0x0000,0x0000,0x0000,0x0000,0x00e0,0x0000,0x0000,0x0000,0x0000,0x0000,
 0x0000,0x0000,0x01e0,0x0000,0x0000,0x0000,0x0000,0x0000,0x0000,0x0000,0x03e0,0x0000,
 0x0000,0x0000,0x0000,0x0000,0x0000,0x0000,0x07e0,0x0000,0x000f,0xe000,0x0000,0x0000,
 0x0000,0x0000,0x0fe0,0x0000,0x000f,0xe000,0x0000,0x0000,0x0000,0x0000,0x0000,0x0000,
 0x000f,0xe000,0x0000,0x0000,0x0000,0x0000,0x0000,0x0000,0x000f,0xe000,0x0000,0x0000,
 0x0000,0x0000,0x0000,0x0000,0x000f,0xe000,0x0000,0x0000,0x0000,0x0000,0x0000,0x0000,
 0x0000,0x0000,0x0000,0x0000,0x0000,0x0000,0x0000,0x0000,0x0000,0x0000,0x0000,0x0000,
 0x0000,0x0000,0x0000,0x0000,0x0000,0x0000,0x0000,0x0000,0x0000,0x0000,0x0000,0x0000,
 0x0000,0x0000,0x0000,0x0000,0x0000,0x0000,0x0000,0x0000,0x0000,0x1a00,0x0000,0x0000,
 0x0000,0x0000,0x0000,0x0000,0x0000,0x0680,0x0000,0x0000,0x0000,0x0000,0x0000,0x0000,
 0x0000,0x3a80,0x0000,0x0000,0x0000,0x0000,0x0000,0x0000,0x0000,0x1f80,0x0000,0x0000,
 0x0000,0x0000,0x0000,0x0000,0x0000,0x2c00,0x0000,0x0000,0x0000,0x0000,0x0000,0x0000,
 0x0000,0x0000,0x0000,0x0000,0x0000,0x0000,0x0000,0x0000,0x0000,0x0000,0x0000,0x0000,
 0x0000,0x0000,0x0000,0x0000,0x0000,0x0000,0x0000,0x0000,0x0000,0x0000,0x0000,0x0001,
 0x4000,0x0000,0x0000,0x0000,0x0000,0x0000,0x0000,0x000d,0x8000,0x0000,0x0000,0x0000,
 0x0000,0x0000,0x0000,0x0007,0xe000,0x0000,0x0000,0x0000,0x0000,0x0000,0x0000,0x0018,
 0xb300,0x0000,0x0000,0x0000,0x0000,0x0000,0x0000,0x00b0,0x21e0,0x0000,0x0000,0x0000,
 0x0000,0x0000,0x0000,0x00e0,0x0140,0x0000,0x0000,0x0000,0x0000,0x0000,0x0000,0x0303,
 0x9080,0x5200,0x0000,0x0000,0x0000,0x0200,0x0000,0x06e3,0x1880,0xf900,0x0000,0x0000,
 0x0000,0x0409,0x4000,0x0632,0x2d00,0xd0c8,0x0000,0x0000,0x0000,0x002b,0x5020,0x0082,
 0xa105,0x209d,0x0000,0x0000,0x0000,0x0004,0x79c0,0x0554,0x0781,0xb154,0xe000,0x0000,
 0x0000,0x0004,0x0590,0x1604,0x0813,0x0a04,0xb000,0x0000,0x0000,0x00a4,0x1240,0x0da4,
 0x1007,0x01a4,0x0000,0x0000,0x0000,0x0360,0x6070,0x1066,0x639e,0x6060,0x7800,0x0000,
 0x0000,0x01c1,0x0600,0x48c1,0x66ec,0x30c1,0x1800,0x0000,0x0000,0x0101,0x5004,0xb001,
 0x7361,0x5001,0x6c00,0x0000,0x0000,0x0040,0x001c,0x5660,0x0099,0xb640,0x3900,0x0000,
 0x0000,0x0168,0xe06d,0xf068,0xe068,0xe068,0x8800,0x0000,0x0000,0x0030,0x18ca,0x3330,
 0x1844,0x0331,0x2000,0x0000,0x0000,0x0136,0x2496,0x2480,0x2600,0x2483,0x4000,0x0000,
 0x0000,0x028d,0x9020,0x2952,0x9304,0x295c,0x0000,0x0000,0x0000,0x0210,0x0ad6,0x0a0a,
 0x09ca,0x0a0d,0x8000,0x0000,0x0000,0x1420,0xf886,0x8421,0x342e,0x8421,0xc000,0x0000,
 0x0000,0x0249,0xcc01,0xb249,0xa9b6,0x7249,0xec00,0x0000,0x0000,0x1890,0x080b,0x1890,
 0x1b9c,0x0890,0x0000,0x0000,0x0000,0x2a28,0x1004,0x0a28,0x05c0,0x1628,0x0000,0x0000,
 0x0000,0x315e,0xb007,0x115e,0xade0,0x095e,0xa800,0x0000,0x0000,0x180e,0x3000,0x8cce,
 0x27c0,0x040e,0x0400,0x0000,0x0000,0x0d0c,0x2002,0xadcc,0x1100,0x000c,0x1c00,0x0000,
 0x0000,0x0540,0xe000,0x18c0,0xc000,0x0120,0xc990,0x0000,0x0000,0x0019,0x0000,0x0249,
 0x2440,0x0023,0x1fd0,0x0000,0x0000,0x003c,0x0000,0x2801,0x5080,0x0006,0xa7d0,0x0000,
 0x0000,0x0000,0x0000,0x0448,0xa240,0x0000,0x0610,0x0000,0x0000,0x0000,0x0000,0x1ac2,
 0x4a00,0x0000,0x0600,0x0000,0x0000,0x0000,0x0000,0x799a,0x1300,0x0000,0x0430,0x0000,
 0x0000,0x0000,0x0000,0x3c3c,0x8b00,0x0000,0x0000,0x0000,0x0000,0x0000,0x0000,0x3777,
 0x2400,0x0000,0x0000,0x0000,0x0000,0x0000,0x0000,0x397e,0x9000,0x0000,0x0000,0x0000,
 0x0000,0x0000,0x0000,0x11fa,0x6000,0x0000,0x0000,0x0000,0x0000,0x0000,0x0000,0x001c,
 0x8000,0x0000,0x0000,0x0000,0x0000,0x0000,0x0000,0x0009,0x4000,0x0000,0x0000,0x0000,
 0x0000,0x0000,0x0000,0x0004,0x0000,0x0000,0x0000,0x0000,0x0000,0x0000,0x0000,0x0000,
 0x0000,0x0000,0x0000,0x0000,0x0000,0x0000,0x0000,0x0000,0x0000,0x0000,0x0000,0x0000,
 0x0000,0x0000,0x0000,0x0000,0x0000,0x0000,0x0000,0x0000,0x0000,0x0000,0x01a0,0x0000,
 0x0000,0x0000,0x0000,0x0000,0x0000,0x0000,0x0380,0x0000,0x0000,0x0000,0x0000,0x0000,
 0x0000,0x0000,0x00c0,0x0000,0x0004,0x2000,0x0000,0x0000,0x0000,0x0000,0x0060,0x0000,
 0x0003,0xe000,0x0000,0x0000,0x0000,0x0000,0x0000,0x0000,0x0000,0x0000,0x0000,0x0000,
 0x0000,0x0000,0x0000,0x0000,0x0000,0x0000,0x0000,0x0000,0x0000,0x0000,0x0000,0x0000,
 0x000f,0xa000,0x0000,0x0000,0x0000,0x0000,0x0000,0x0000,0x0000,0x0000,0x0000,0x0000,
 0x0000,0x0000,0x0000,0x0000,0x0000,0x0000,0x0000,0x0000,0x0000,0x0000,0x0000,0x0000,
 0x0000,0x0000,0x0000,0x0000,0x0000,0x0000,0x0000,0x0000,0x0000,0x0000,0x0000,0x0000,
 0x0000,0x0000,0x0000,0x0000,0x0000,0x2180,0x0000,0x0000,0x0000,0x0000,0x0000,0x0000,
 0x0000,0x0300,0x0000,0x0000,0x0000,0x0000,0x0000,0x0000,0x0000,0x0600,0x0000,0x0000,
 0x0000,0x0000,0x0000,0x0000,0x0000,0x2000,0x0000,0x0000,0x0000,0x0000,0x0000,0x0000,
 0x0000,0x0000,0x0000,0x0000,0x0000,0x0000,0x0000,0x0000,0x0000,0x0000,0x0000,0x0000,
 0x0000,0x0000,0x0000,0x0000,0x8000,0x0000,0x0000,0x0000,0x0000,0x0000,0x0000,0x0007,
 0xa000,0x0000,0x0000,0x0000,0x0000,0x0000,0x0000,0x003f,0xf800,0x0000,0x0000,0x0000,
 0x0000,0x0000,0x0000,0x003f,0xfd00,0x0000,0x0000,0x0000,0x0000,0x0000,0x0000,0x007f,
 0xff80,0x0000,0x0000,0x0000,0x0000,0x0000,0x0000,0x03f8,0xbfc0,0x0000,0x0000,0x0000,
 0x0000,0x0000,0x4000,0x01f0,0x39f0,0x0080,0x0000,0x0000,0x0000,0x0001,0x7400,0x2fe0,
 0x017b,0x7fc0,0x0000,0x0000,0x0000,0x0004,0x6d08,0x5703,0x90ef,0xffe0,0x0000,0x0000,
 0x0000,0x000f,0xf71c,0xaee3,0x18ff,0xf9fc,0xa000,0x0000,0x0000,0x03df,0xfbfe,0xae32,
 0x2dff,0xd0ff,0xc000,0x0000,0x0000,0x0f7b,0xffff,0x7c82,0xa1ff,0xa09f,0xf000,0x0000,
 0x0000,0x07d4,0x7ffc,0x7d54,0x07ff,0xb154,0xf800,0x0000,0x0000,0x3784,0x0f9e,0xfe04,
 0x0bff,0x0a04,0xb000,0x0000,0x0000,0x0fa4,0x125f,0xfda4,0x13ff,0x01a4,0x1c00,0x0000,
 0x0000,0x1f60,0x607f,0xf066,0x63fe,0x6060,0x7f00,0x0000,0x0000,0x07c1,0x061f,0xf8c1,
 0x67fc,0x30c1,0x1fe0,0x0000,0x0000,0x0f01,0x5007,0xf001,0x7361,0x5001,0x7fc0,0x0000,
 0x0000,0x0b40,0x001f,0xf660,0x0099,0xb640,0x3fe0,0x0000,0x0000,0x0f68,0xe06f,0xf068,
 0xe068,0xe068,0xffd0,0x0000,0x0000,0x1f30,0x18ce,0x3330,0x18c4,0x0331,0x7fe0,0x0000,
 0x0000,0x0fb6,0x2496,0x2480,0x2680,0x2483,0xff40,0x0000,0x0000,0x17df,0x9024,0x2952,
 0x9304,0x295f,0xffc0,0x0000,0x0000,0x3a1e,0x0ade,0x0a0a,0x0bca,0x0a0f,0xfc00,0x0000,
 0x0000,0x7421,0xf8fe,0x8421,0x3c7e,0x8421,0xff00,0x0000,0x0000,0x7249,0xffb9,0xb249,
 0xbbff,0xf249,0xff00,0x0000,0x0000,0x7890,0x1f9b,0x1890,0x1fff,0xf890,0x0600,0x0000,
 0x0000,0x6a28,0x141c,0x0a28,0x0ff7,0xfe28,0x0f00,0x0000,0x0000,0x715e,0xb83f,0x115e,
 0xadf8,0xf95e,0xaf00,0x0000,0x0000,0x780e,0x381f,0xacce,0x27f0,0x1c0e,0x0600,0x0000,
 0x0000,0x3f0c,0x3c1f,0xfdcc,0x11e0,0x0f0c,0x1e00,0x0000,0x0000,0x3fc0,0xf03f,0xf8c0,
 0xc0f0,0x07e0,0xce10,0x0000,0x0000,0x0fd9,0x704f,0xf249,0x24e0,0x09fb,0x3810,0x0000,
 0x0000,0x03fd,0xa03f,0xf801,0x50f0,0x027f,0xf810,0x0000,0x0000,0x003f,0x400f,0xf448,
 0xa260,0x0017,0xc010,0x0000,0x0000,0x001c,0x001d,0xfac2,0x4af8,0x0004,0x0000,0x0000,
 0x0000,0x0000,0x000b,0xf99a,0x13d8,0x0000,0x0000,0x0000,0x0000,0x0000,0x0003,0x7c3c,
 0x8fc0,0x0000,0x0000,0x0000,0x0000,0x0000,0x0001,0x7777,0x3fe0,0x0000,0x0000,0x0000,
 0x0000,0x0000,0x0000,0x797e,0x9e80,0x0000,0x0000,0x0000,0x0000,0x0000,0x0000,0x7dfb,
 0xfc00,0x0000,0x0000,0x0000,0x0000,0x0000,0x0000,0x3fff,0xf400,0x0000,0x0000,0x0000,
 0x0000,0x0000,0x0000,0x0fff,0xf000,0x0000,0x0000,0x0000,0x0000,0x0000,0x0000,0x007f,
 0xd000,0x0000,0x0000,0x0000,0x0000,0x0000,0x0000,0x002b,0x8000,0x0000,0x0000,0x0000,
 0x0000,0x0000,0x0000,0x0000,0x0000,0x0000,0x0000,0x0000,0x0000,0x0000,0x0000,0x0000,
 0x0000,0x0000,0x0000,0x0000,0x0000,0x0000,0x0000,0x0000,0x0000,0x0000,0x0000,0x0000,
 0x0000,0x0000,0x0020,0x0000,0x0000,0x0000,0x0000,0x0000,0x0000,0x0000,0x0640,0x0000,
 0x0000,0x0000,0x0000,0x0000,0x0000,0x0000,0x0ca0,0x0000,0x000c,0x0000,0x0000,0x0000,
 0x0000,0x0000,0x0000,0x0000,0x0000,0x0000,0x0000,0x0000,0x0000,0x0000,0x0000,0x0000,
 0x000f,0xc000,0x0000,0x0000,0x0000,0x0000,0x0000,0x0000,0x0000,0x4000,0x0000,0x0000,
 0x0000,0x0000,0x0000,0x0000,0x0000,0x0000,0x0000,0x0000,0x0000,0x0000,0x0000,0x0000,
 0x0000,0x0000,0x0000,0x0000,0x0000,0x0000,0x0000,0x0000,0x0000,0x0000,0x0000,0x0000,
 0x0000,0x0000,0x0000,0x0000,0x0000,0x0000,0x0000,0x0000,0x0000,0x0000,0x0000,0x0000,
 0x0000,0x0000,0x0000,0x0000,0x0000,0x0000,0x0000,0x0000,0x0000,0x0000,0x0000,0x0000,
 0x0000,0x0000,0x0000,0x0000,0x0000,0x0000,0x0000,0x0000,0x0000,0x0000,0x0000,0x0000,
 0x0000,0x0000,0x0000,0x0000,0x0000,0x0000,0x0000,0x0000,0x0000,0x0000,0x0000,0x0000,
 0x0000,0x0000,0x0000,0x0000,0x0000,0x0000,0x0000,0x0000,0x0000,0x0000,0x0000,0x0000,
 0x0000,0x0000,0x0000,0x0000,0x0000,0x0000,0x0000,0x0000,0x0000,0x0000,0x0000,0x0000,
 0x0000,0x0000,0x0000,0x0000,0x0000,0x0000,0x0000,0x0000,0x0000,0x0000,0x0000,0x0000,
 0x0000,0x0000,0x0000,0x0000,0x0000,0x0000,0x0000,0x0000,0x0000,0x0000,0x0000,0x0000,
 0x0000,0x0000,0x0000,0x0007,0x4000,0x0000,0x0000,0x0000,0x0000,0x0000,0x0000,0x000f,
 0xc600,0x0000,0x0000,0x0000,0x0000,0x0000,0x0000,0x001f,0xfe80,0x0000,0x0000,0x0000,
 0x0000,0x0000,0x0000,0x00fc,0x6f00,0x0000,0x0000,0x0000,0x0000,0x0200,0x0000,0x011c,
 0xe700,0x0600,0x0000,0x0000,0x0000,0x0600,0x0000,0x01cd,0xd200,0x2f00,0x0000,0x0000,
 0x0000,0x1604,0x0000,0x037d,0x5e00,0x5f60,0x0000,0x0000,0x0000,0x002b,0x8000,0x02ab,
 0xf800,0x4eab,0x0000,0x0000,0x0000,0x007b,0xf060,0x01fb,0xf400,0xf5fb,0x4000,0x0000,
 0x0000,0x005b,0xeda0,0x025b,0xec00,0xfe5b,0xe000,0x0000,0x0000,0x009f,0x9f80,0x0f99,
 0x9c01,0x9f9f,0x8000,0x0000,0x0000,0x003e,0xf9e0,0x073e,0x9803,0xcf3e,0xe000,0x0000,
 0x0000,0x00fe,0xaff8,0x0ffe,0x8c9e,0xaffe,0x8000,0x0000,0x0000,0x00bf,0xffe0,0x099f,
 0xff66,0x49bf,0xc000,0x0000,0x0000,0x0097,0x1f90,0x0f97,0x1f97,0x1f97,0x0000,0x0000,
 0x0000,0x00cf,0xe731,0xcccf,0xe73b,0xfcce,0x8000,0x0000,0x0000,0x0049,0xdb69,0xdb7f,
 0xd97f,0xdb7c,0x0000,0x0000,0x0000,0x0020,0x6fdb,0xd6ad,0x6cfb,0xd6a0,0x0000,0x0000,
 0x0000,0x05e1,0xf521,0xf5f5,0xf435,0xf5f0,0x0000,0x0000,0x0000,0x0bde,0x0701,0x7bde,
 0xc381,0x7bde,0x0000,0x0000,0x0000,0x0db6,0x0006,0x4db6,0x4400,0x0db6,0x0000,0x0000,
 0x0000,0x076f,0xe004,0xe76f,0xe000,0x076f,0xf800,0x0000,0x0000,0x15d7,0xe003,0xf5d7,
 0xf000,0x01d7,0xf000,0x0000,0x0000,0x0ea1,0x4000,0xeea1,0x5200,0x06a1,0x5000,0x0000,
 0x0000,0x07f1,0xc000,0x5331,0xd800,0x03f1,0xf800,0x0000,0x0000,0x00f3,0xc000,0x0233,
 0xee00,0x00f3,0xe000,0x0000,0x0000,0x003f,0x0000,0x073f,0x3f00,0x001f,0x3000,0x0000,
 0x0000,0x0026,0x8000,0x0db6,0xdb00,0x0004,0xc000,0x0000,0x0000,0x0002,0x0000,0x07fe,
 0xaf00,0x0000,0x0000,0x0000,0x0000,0x0000,0x0000,0x0bb7,0x5d80,0x0000,0x0000,0x0000,
 0x0000,0x0000,0x0000,0x053d,0xb500,0x0000,0x0000,0x0000,0x0000,0x0000,0x0000,0x0665,
 0xec00,0x0000,0x0000,0x0000,0x0000,0x0000,0x0000,0x03c3,0x7000,0x0000,0x0000,0x0000,
 0x0000,0x0000,0x0000,0x0888,0xc000,0x0000,0x0000,0x0000,0x0000,0x0000,0x0000,0x0681,
 0x6000,0x0000,0x0000,0x0000,0x0000,0x0000,0x0000,0x0204,0x0000,0x0000,0x0000,0x0000,
 0x0000,0x0000,0x0000,0x0000,0x0000,0x0000,0x0000,0x0000,0x0000,0x0000,0x0000,0x0000,
 0x0000,0x0000,0x0000,0x0000,0x0000,0x0000,0x0000,0x0000,0x0000,0x0000,0x0000,0x0000,
 0x0000,0x0000,0x0000,0x0000,0x0000,0x0000,0x0000,0x0000,0x0000,0x0000,0x0000,0x0000,
 0x0000,0x0000,0x0000,0x0000,0x0000,0x0000,0x0000,0x0000,0x0000,0x0000,0x0000,0x0000,
 0x0000,0x0000,0x0000,0x0000,0x0000,0x0000,0x0000,0x0000,0x0000,0x0000,0x0000,0x0000,
 0x0000,0x0000,0x0000,0x0000,0x0000,0x0000,0x0000,0x0000,0x0000,0x0000,0x0000,0x0000,
 0x0000,0x0000,0x0000,0x0000,0x0000,0x0000,0x0000,0x0000,0x0000,0x0000,0x0000,0x0000,
 0x0000,0x0000,0x0000,0x0000,0x0000,0x0000,0x0000,0x0000,0x0000,0x0000,0x0000,0x0000,
 0x0000,0x0000,0x0000,0x0000,0x0000,0x0000,0x0000,0x0000,0x0000,0x0000,0x0000,0x0000,
 0x0000,0x0000,0x0000,0x0000,0x0000,0x0000,0x0000,0x0000,0x0000,0x0000,0x0000,0x0000,
 0x0000,0x0000,0x0000,0x0000,0x0000,0x0000,0x0000,0x0000,0x0000,0x0000,0x0000,0x0000,
 0x0000,0x0000,0x0000,0x0000,0x0000,0x0000,0x0000,0x0000,0x0000,0x3d80,0x0000,0x0000,
 0x0000,0x0000,0x0000,0x0000,0x0000,0x3b80,0x0000,0x0000,0x0000,0x0000,0x0000,0x0000,
 0x0000,0x3780,0x0000,0x0000,0x0000,0x0000,0x0000,0x0000,0x0000,0x3f80,0x0000,0x0000,
 0x0000,0x0000,0x0000,0x0000,0x0000,0x1f80,0x0000,0x0000,0x0000,0x0000,0x0000,0x0000,
 0x0000,0x0000,0x0000,0x0000,0x0000,0x0000,0x0000,0x0000,0x0000,0x0000,0x0000,0x0000,
 0x0000,0x0000,0x0000,0x0000,0x0000,0x0000,0x0000,0x0000,0x0000,0x0000,0x0000,0x0000,
 0x0000,0x0000,0x0000,0x0000,0x0000,0x0000,0x0000,0x0000,0x0000,0x0000,0x0000,0x0000,
 0x0000,0x0000,0x0000,0x0000,0x0000,0x0000,0x0000,0x0000,0x0000,0x0000,0x0000,0x0000,
 0x0000,0x0000,0x0000,0x0000,0x0000,0x0000,0x0000,0x0000,0x0000,0x0000,0x0000,0x0000,
 0x0000,0x0000,0x0000,0x0000,0x0000,0x0000,0x0000,0x0000,0x0000,0x0000,0x0000,0x0000,
 0x0000,0x0000,0x0000,0x0000,0x0000,0x0200,0x0000,0x0000,0x0000,0x0000,0x0000,0x0000,
 0x0000,0x0600,0x0000,0x0000,0x0000,0x0000,0x0000,0x0000,0x0000,0x1e00,0x0000,0x0000,
 0x0000,0x0000,0x0000,0x0000,0x0000,0x0000,0x0000,0x0000,0x0000,0x0000,0x0000,0x0000,
 0x0000,0x0000,0x0000,0x0000,0x0000,0x0000,0x0000,0x0000,0x0000,0x0000,0x0000,0x0000,
 0x0000,0x0000,0x0000,0x0000,0x0000,0x0000,0x0000,0x0000,0x0000,0x0000,0x0000,0x0000,
 0x0000,0x0000,0x0000,0x0000,0x6000,0x0000,0x0000,0x0000,0x0000,0x0000,0x0000,0x0000,
 0x6000,0x0000,0x0000,0x0000,0x0000,0x0000,0x0000,0x0000,0x0000,0x0000,0x0000,0x0000,
 0x0000,0x0000,0x0000,0x3000,0x0000,0x0000,0x0000,0x0000,0x0000,0x0000,0x0000,0x3000,
 0x0000,0x0000,0x0000,0x0000,0x0000,0x0000,0x0000,0x0000,0x0000,0x0000,0x0000,0x0000,
 0x0000,0x0000,0x0000,0x0000,0x0000,0x0000,0x0000,0x0000,0x0000,0x0000,0x0000,0x0000,
 0x0000,0x0000,0x0000,0x0000,0x0000,0x0000,0x0000,0x0000,0x0000,0x0000,0x0000,0x0000,
 0x0000,0x0000,0x0000,0x0000,0x0000,0x0000,0x0000,0x0000,0x0000,0x0000,0x0000,0x0000,
 0x0180,0x0000,0x0000,0x0000,0x0000,0x0000,0x0000,0x0000,0x0180,0x0000,0x0000,0x0000,
 0x0000,0x0000,0x0000,0x0000,0x0000,0x0000,0x0000,0x0000,0x0000,0x0000,0x0000,0x00c0,
 0x0000,0x0000,0x0000,0x0000,0x0000,0x0000,0x0000,0x00c0,0x0000,0x0000,0x0000,0x0000,
 0x0000,0x0000,0x0000,0x0000,0x0000,0x0000,0x0260,0x0000,0x0000,0x0000,0x0000,0x0000,
 0x0000,0x0000,0x0660,0x0000,0x0000,0x0000,0x0000,0x0000,0x0000,0x0000,0x0660,0x0000,
 0x0000,0x0000,0x0000,0x0000,0x0000,0x0000,0x0de0,0x0000,0x0000,0x0000,0x0000,0x0000,
 0x0000,0x0000,0x09f0,0x0000,0x0000,0x0000,0x0000,0x0000,0x0000,0x0000,0x0bf0,0x0000,
 0x0000,0x0000,0x0000,0x0000,0x0000,0x0000,0x0000,0x0000,0x0000,0x0000,0x0000,0x0000,
 0x0000,0x0000,0x0000,0x0000,0x0000,0x0000,0x0000,0x0000,0x0000,0x0000,0x0000,0x0000,
 0x0000,0x0000,0x0000,0x0000,0x0000,0x0000,0x0000,0x0000,0x0000,0x0000,0x0000,0x0000,
 0x0000,0x0000,0x0000,0x0000,0x0000,0x0000,0x0000,0x0000,0x0000,0x0000,0x0000,0x0000,
 0x0000,0x0000,0x0000,0x0000,0x0000,0x0000,0x0000,0x0000,0x0000,0x0000,0x0000,0x0000,
 0x0000,0x0000,0x0000,0x0000,0x0000,0x0000,0x0000,0x0000,0x0000,0x0000,0x0000,0x0000,
 0x0000,0x0000,0x00e0,0x0000,0x0000,0x0000,0x0000,0x0000,0x0000,0x0000,0x01c0,0x0000,
 0x0000,0x0000,0x0000,0x0000,0x0000,0x0000,0x03c0,0x0000,0x0000,0x0000,0x0000,0x0000,
 0x0000,0x0000,0x07a0,0x0000,0x000f,0xe000,0x0000,0x0000,0x0000,0x0000,0x0f60,0x0000,
 0x000f,0xe000,0x0000,0x0000,0x0000,0x0000,0x0000,0x0000,0x000f,0xe000,0x0000,0x0000,
 0x0000,0x0000,0x0000,0x0000,0x000f,0xe000,0x0000,0x0000,0x0000,0x0000,0x0000,0x0000,
 0x000f,0xe000,0x0000,0x0000,0x0000,0x0000,0x0000,0x0000,0x0000,0x0000,0x0000,0x0000,
 0x0000,0x0000,0x0000,0x0000,0x0000,0x0000,0x0000,0x0000,0x0000,0x0000,0x0000,0x0000,
 0x0000,0x01fc,0x0000,0x0000,0x0000,0x0000,0x0000,0x0000,0x0000,0x0000,0x0000,0x0000,
 0x0000,0x0000,0x0000,0x0000,0x0000,0x0000,0x0000,0x0000,0x0000,0x0000,0x0000,0x0000,
 0x0000,0x0000,0x0000,0x0000,0x0000,0x0000,0x0000,0x0000,0x0000,0x0000,0x0000,0x0000,
 0x0000,0x0000,0x0000,0x0000,0x0000,0x0000,0x0000,0x0000,0x0000,0x0000,0x0000,0x0000,
 0x0000,0x0000,0x0000,0x0000,0x0000,0x0000,0x0000,0x0000,0x0000,0x0000,0x0000,0x0000,
 0x0000,0x0000,0x0000,0x0000,0x0000,0x0000,0x0000,0x0000,0x0000,0x0000,0x0000,0x0000,
 0x0000,0x0000,0x0000,0x0000,0x0000,0x0000,0x0000,0x002b,0x7100,0x0000,0x0000,0x0000,
 0x0000,0x0000,0x0000,0x007f,0xff80,0x0000,0x0000,0x0000,0x0000,0x0000,0x0000,0x00ff,
 0xffe0,0x0000,0x0000,0x0000,0x0000,0x0000,0x0000,0x07ff,0xff80,0x0600,0x0000,0x0000,
 0x0000,0x0000,0x0000,0x17ff,0xffe0,0x7d00,0x0000,0x0000,0x0000,0x0002,0x0000,0x0fff,
 0xffe3,0xfff2,0x0000,0x0000,0x0000,0x003f,0x0040,0x1fff,0xffc3,0xffff,0x0000,0x0000,
 0x0000,0x00ff,0xebc0,0x1fff,0xffcf,0xffff,0xc000,0x0000,0x0000,0x00ff,0xfff0,0x3fff,
 0xff97,0xffff,0xc000,0x0000,0x0000,0x01ff,0xfff4,0x7fff,0xffff,0xffff,0xe800,0x0000,
 0x0000,0x03ff,0xfff4,0x3fff,0xffff,0xffff,0xfc00,0x0000,0x0000,0x07ff,0xfffe,0xbfff,
 0xffff,0xffff,0xfd00,0x0000,0x0000,0x07ff,0xffff,0xffff,0xffff,0xffff,0xffc0,0x0000,
 0x0000,0x1fff,0xffff,0xffff,0xffff,0xffff,0xff80,0x0000,0x0000,0x0fff,0xffff,0xffff,
 0xffff,0xffff,0xffc0,0x0000,0x0000,0x1fff,0xffff,0xffff,0xffff,0xffff,0xffc0,0x0000,
 0x0000,0x3fff,0xffff,0xffff,0xffff,0xffff,0xffc0,0x0000,0x0000,0x7fff,0xffff,0xffff,
 0xffff,0xffff,0xff80,0x0000,0x0000,0x7fff,0xffff,0xffff,0xffff,0xffff,0xff00,0x0000,
 0x0000,0x7fff,0xffff,0xffff,0xffff,0xffff,0xfe00,0x0000,0x0000,0x1fff,0xffff,0xffff,
 0xffff,0xffff,0xfc00,0x0000,0x0000,0x7fff,0xffff,0xffff,0xffff,0xffff,0xfe00,0x0000,
 0x0000,0x7fff,0xffff,0xffff,0xffff,0xffff,0xfc00,0x0000,0x0000,0x7fff,0xffff,0xffff,
 0xffff,0xffff,0xfe00,0x0000,0x0000,0x7fff,0xffff,0xffff,0xfff9,0xffff,0xff00,0x0000,
 0x0000,0xffff,0xffff,0xffff,0xffef,0xffff,0xff00,0x0000,0x0000,0xbfff,0xffff,0xffff,
 0xfffc,0xffff,0xff00,0x0000,0x0000,0x1fff,0xffff,0xffff,0xfff4,0x1fff,0xff00,0x0000,
 0x0000,0x2fff,0xf5ff,0xffff,0xffe6,0x2fff,0xff00,0x0000,0x0000,0x13ff,0xf9bf,0xffff,
 0xfff8,0x11ff,0xf900,0x0000,0x0000,0x07ff,0xd06f,0xffff,0xfffd,0x00ff,0xfa00,0x0000,
 0x0000,0x05fe,0x003b,0xffff,0xfffc,0x007f,0xa000,0x0000,0x0000,0x06a8,0x0007,0xffff,
 0xfffe,0x003e,0x0000,0x0000,0x0000,0x0000,0x0007,0xffff,0xffec,0x000c,0x0000,0x0000,
 0x0000,0x0000,0x0003,0xffff,0xfff8,0x0000,0x0000,0x0000,0x0000,0x0000,0x0002,0xffff,
 0xff80,0x0000,0x0000,0x0000,0x0000,0x0000,0x0001,0xffff,0xffe0,0x0000,0x0000,0x0000,
 0x0000,0x0000,0x0000,0x7fff,0xff80,0x0000,0x0000,0x0000,0x0000,0x0000,0x0000,0x1fff,
 0xff40,0x0000,0x0000,0x0000,0x0000,0x0000,0x0000,0x0bff,0xfb80,0x0000,0x0000,0x0000,
 0x0000,0x0000,0x0000,0x00ff,0xfb00,0x0000,0x0000,0x0000,0x0000,0x0000,0x0000,0x017f,
 0x6900,0x0000,0x0000,0x0000,0x0000,0x0000,0x0000,0x0039,0x0800,0x0000,0x0000,0x0000,
 0x0000,0x0000,0x0000,0x0000,0x0000,0x0000,0x0000,0x0000,0x0000,0x0000,0x0000,0x0000,
 0x0000,0x0000,0x0000,0x0000,0x0000,0x0000,0x0000,0x0000,0x0000,0x0000,0x0000,0x0000,
 0x0000,0x0000,0x0000,0x0000,0x0000,0x0000,0x0000,0x0000,0x0000,0x0000,0x0000,0x0000,
 0x0000,0x0000,0x0000,0x0000,0x0000,0x0000,0x0000,0x0000,0x0000,0x0000,0x0000,0x0000,
 0x0000,0x0000,0x0000,0x0000,0x0000,0x0000,0x0000,0x0000,0x0000,0x0000,0x0000,0x0000,
 0x0000,0x0000,0x0000,0x0000,0x0000,0x0000,0x0000,0x0000,0x0000,0x0000,0x0000,0x0000,
 0x0000,0x0000,0x0000,0x0000,0x0000,0x0000,0x0000,0x0000,0x0000,0x0000,0x1c00,0x0000,
 0x0000,0x0000,0x0000,0x0000,0x0000,0x0000,0x0000,0x0000,0x0000,0x0160,0x0000,0x0000,
 0x0000,0x0000,0x0000,0x0000,0x0000,0x0000,0x0000,0x0000,0x0000,0x0000,0x0000,0x0000,
 0x0000,0x0000,0x0000,0x0000,0x0000,0x0000,0x0000,0x0000,0x0000,0x0000,0x0000,0x0000,
 0x0000,0x0000,0x0000,0x0000,0x0000,0x0000,0x0000,0x0000,0x0000,0x0000,0x0000,0x0000,
 0x0000,0x0000,0x0000,0x0000,0x0000,0x0000,0x0000,0x0000,0x0000,0x0000,0x0000,0x0000,
 0x0000,0x0000,0x0000,0x0000,0x0000,0x0000,0x0000,0x0000,0x0000,0x0000,0x0000,0x0000,
 0x0000,0x0000,0x0000,0x0000,0x0000,0x0000,0x0000,0x0000,0x0000,0x0000,0x0000,0x0000,
 0x0000,0x0000,0x0000,0x0000,0x0000,0x0000,0x0000,0x0000,0x0000,0x0000,0x0000,0x0000,
 0x0000,0x0000,0x0000,0x0000,0x0000,0x0000,0x0000,0x0000,0x0200,0x0000,0x0000,0x0000,
 0x0000,0x0000,0x0000,0x003e,0x0600,0x0000,0x0000,0x0000,0x0000,0x0000,0x0000,0x01fe,
 0x9e00,0x0000,0x0000,0x0000,0x0000,0x0000,0x0000,0x07ff,0xff00,0x0000,0x0000,0x0000,
 0x0000,0x0000,0x0000,0x07ff,0xff00,0x7480,0x0000,0x0000,0x0000,0x0008,0x0000,0x0bff,
 0xff80,0xba8e,0x0000,0x0000,0x0000,0x002d,0x0a00,0x07ff,0xff00,0x7ced,0x0000,0x0000,
 0x0000,0x003f,0x6d00,0x0bff,0xff05,0xfdff,0x4000,0x0000,0x0000,0x00ff,0xffc0,0x02ff,
 0xfd07,0xfaff,0xc000,0x0000,0x0000,0x007f,0xffd0,0x1d7f,0xfd1f,0xffff,0x8000,0x0000,
 0x0000,0x00ff,0xffe8,0x061f,0xffff,0xf7ff,0x7600,0x0000,0x0000,0x01ff,0xfff0,0xbb3e,
 0xdb3f,0xffff,0xba00,0x0000,0x0000,0x02ff,0xffff,0xfe7f,0xf3ff,0xffff,0xf000,0x0000,
 0x0000,0x03ff,0xfff8,0xffff,0xffff,0xfffc,0x1c00,0x0000,0x0000,0x042f,0xffff,0xffff,
 0xffff,0xffff,0xd800,0x0000,0x0000,0x03ff,0xffff,0xffff,0xf7ff,0xffff,0x4000,0x0000,
 0x0000,0x0eff,0xffff,0xffff,0xf1ff,0xfffe,0x3000,0x0000,0x0000,0x0fb7,0xffbf,0xffff,
 0xffff,0xfffe,0xe000,0x0000,0x0000,0x0bbf,0xff6f,0xffff,0xffef,0xfffe,0xa000,0x0000,
 0x0000,0x07ff,0xf757,0xffff,0xff57,0xffff,0xf000,0x0000,0x0000,0x1fff,0xf8eb,0xffff,
 0xffe0,0x7fff,0xf000,0x0000,0x0000,0x0fff,0xc004,0xdfff,0xff80,0x5fff,0xf800,0x0000,
 0x0000,0x1fff,0xe028,0xbfff,0xffa0,0x1fff,0xf800,0x0000,0x0000,0x07ff,0xc00c,0xdfff,
 0xff80,0x43ff,0xf800,0x0000,0x0000,0x09ff,0xf004,0x8eff,0xffc0,0x007f,0xfc00,0x0000,
 0x0000,0x07ff,0xd010,0x1fff,0xff80,0x00ff,0xf400,0x0000,0x0000,0x03ff,0xc000,0x3fff,
 0xff00,0x00bf,0xf400,0x0000,0x0000,0x01ff,0x0000,0x3fff,0xff80,0x003f,0x9000,0x0000,
 0x0000,0x00d8,0x0000,0x3fff,0xff40,0x001a,0x8000,0x0000,0x0000,0x0030,0x0000,0xffff,
 0xfd00,0x0018,0x0000,0x0000,0x0000,0x0000,0x0001,0xf7ff,0xfd00,0x0000,0x0000,0x0000,
 0x0000,0x0000,0x0001,0x7fff,0xf800,0x0000,0x0000,0x0000,0x0000,0x0000,0x0000,0x7fff,
 0xf800,0x0000,0x0000,0x0000,0x0000,0x0000,0x0000,0x7fff,0xf000,0x0000,0x0000,0x0000,
 0x0000,0x0000,0x0000,0x17ff,0xc800,0x0000,0x0000,0x0000,0x0000,0x0000,0x0000,0x01ff,
 0xe000,0x0000,0x0000,0x0000,0x0000,0x0000,0x0000,0x00ff,0x8000,0x0000,0x0000,0x0000,
 0x0000,0x0000,0x0000,0x009e,0x8000,0x0000,0x0000,0x0000,0x0000,0x0000,0x0000,0x002d,
 0x0000,0x0000,0x0000,0x0000,0x0000,0x0000,0x0000,0x0000,0x0000,0x0000,0x0000,0x0000,
 0x0000,0x0000,0x0000,0x0000,0x0000,0x0000,0x0000,0x0000,0x0000,0x0000,0x0000,0x0000,
 0x0000,0x0000,0x0000,0x0000,0x0000,0x0000,0x0000,0x0000,0x0000,0x0000,0x0000,0x0000,
 0x0000,0x0000,0x0000,0x0000,0x0000,0x0000,0x0000,0x0000,0x0000,0x0000,0x0000,0x0000,
 0x0000,0x0000,0x0000,0x0000,0x0000,0x0000,0x0000,0x0000,0x0000,0x0000,0x0000,0x0000,
 0x0000,0x0000,0x0000,0x0000,0x0000,0x0000,0x0000,0x0000,0x0000,0x0000,0x0000,0x0000,
 0x0000,0x0000,0x0000,0x0000,0x0000,0x0000,0x0000,0x0000,0x0000,0x0000,0x0000,0x0000,
 0x0000,0x0000,0x0000,0x0000,0x0000,0x0000,0x0000,0x0000,0x0000,0x0000,0x0000,0x0000,
 0x0000,0x0000,0x0000,0x0000,0x0000,0x0000,0x0000,0x0000,0x0000,0x0000,0x0000,0x0000,
 0x0000,0x0000,0x0000,0x0000,0x0000,0x0000,0x0000,0x0000,0x0000,0x0000,0x0000,0x0000,
 0x0000,0x0000,0x0000,0x0000,0x0000,0x0000,0x0000,0x0000,0x0000,0x0000,0x0000,0x0000,
 0x0000,0x0000,0x0000,0x0000,0x0000,0x0000,0x0000,0x0000,0x0000,0x0000,0x0000,0x0000,
 0x0000,0x0000,0x0000,0x0000,0x0000,0x0000,0x0000,0x0000,0x0000,0x0000,0x0000,0x0000,
 0x0000,0x0000,0x0000,0x0000,0x0000,0x0000,0x0000,0x0000,0x0000,0x0000,0x0000,0x0000,
 0x0000,0x0000,0x0000,0x0000,0x0000,0x0000,0x0000,0x0000,0x0000,0x0000,0x0000,0x0000,
 0x0000,0x0000,0x0000,0x0000,0x0000,0x0000,0x0000,0x0000,0x0000,0x0000,0x0000,0x002b,
 0x7100,0x0000,0x0000,0x0000,0x0000,0x0000,0x0000,0x007f,0xff80,0x0000,0x0000,0x0000,
 0x0000,0x0000,0x0000,0x00ff,0xffe0,0x0000,0x0000,0x0000,0x0000,0x0000,0x0000,0x07ff,
 0xff80,0x0600,0x0000,0x0000,0x0000,0x0000,0x0000,0x17ff,0xffe0,0x7d00,0x0000,0x0000,
 0x0000,0x0002,0x0000,0x0fff,0xffe3,0xfff2,0x0000,0x0000,0x0000,0x003f,0x0040,0x1fff,
 0xffc3,0xffff,0x0000,0x0000,0x0000,0x00ff,0xebc0,0x1fff,0xffcf,0xffff,0xc000,0x0000,
 0x0000,0x00ff,0xfff0,0x3fff,0xff97,0xffff,0xc000,0x0000,0x0000,0x01ff,0xfff4,0x7fff,
 0xffff,0xffff,0xe800,0x0000,0x0000,0x03ff,0xfff4,0x3fff,0xffff,0xffff,0xfc00,0x0000,
 0x0000,0x07ff,0xfffe,0xbfff,0xffff,0xffff,0xfd00,0x0000,0x0000,0x07ff,0xffff,0xffff,
 0xffff,0xffff,0xffc0,0x0000,0x0000,0x1fff,0xffff,0xfffe,0xdfff,0xffff,0xff80,0x0000,
 0x0000,0x0fff,0xffff,0xffff,0xffff,0xffff,0xffc0,0x0000,0x0000,0x1fff,0xffff,0xffff,
 0xffff,0xffff,0xffc0,0x0000,0x0000,0x3fff,0xffff,0xffff,0xffff,0xffff,0xffc0,0x0000,
 0x0000,0x7fff,0xffff,0xffff,0xffff,0xffff,0xff80,0x0000,0x0000,0x7fff,0xffff,0xffff,
 0xfdff,0xffff,0xff00,0x0000,0x0000,0x7fff,0xffff,0xffff,0xffff,0xffff,0xfe00,0x0000,
 0x0000,0x1fff,0xffff,0xffff,0xffff,0xffff,0xfc00,0x0000,0x0000,0x7fff,0xffff,0xffff,
 0xffff,0xffff,0xfe00,0x0000,0x0000,0x7fff,0xffff,0xffff,0xffff,0xffff,0xfc00,0x0000,
 0x0000,0x7fff,0xffbf,0xffff,0xffff,0xffff,0xfe00,0x0000,0x0000,0x7fff,0xffff,0xffff,
 0xfff9,0xffff,0xff00,0x0000,0x0000,0xffff,0xffff,0xffff,0xffef,0xffff,0xff00,0x0000,
 0x0000,0xbfff,0xffff,0xfeff,0xfffc,0xffff,0xff00,0x0000,0x0000,0x1fff,0xffff,0xffff,
 0xfff4,0x1fff,0xff00,0x0000,0x0000,0x2fff,0xf5ff,0xffff,0xffe6,0x2fff,0xff00,0x0000,
 0x0000,0x13ff,0xf9bf,0xffff,0xfff8,0x11ff,0xf900,0x0000,0x0000,0x07ff,0xd06f,0xffff,
 0xfffd,0x00ff,0xfa00,0x0000,0x0000,0x05fe,0x003b,0xffff,0xfff8,0x007f,0xa000,0x0000,
 0x0000,0x06a8,0x0007,0xf7ff,0xfffe,0x003e,0x0000,0x0000,0x0000,0x0000,0x0007,0x7fff,
 0xffec,0x000c,0x0000,0x0000,0x0000,0x0000,0x0003,0xffff,0xfff8,0x0000,0x0000,0x0000,
 0x0000,0x0000,0x0002,0xffff,0xff80,0x0000,0x0000,0x0000,0x0000,0x0000,0x0001,0xffff,
 0xffe0,0x0000,0x0000,0x0000,0x0000,0x0000,0x0000,0x7fff,0xff80,0x0000,0x0000,0x0000,
 0x0000,0x0000,0x0000,0x1fff,0xff40,0x0000,0x0000,0x0000,0x0000,0x0000,0x0000,0x0bff,
 0xfb80,0x0000,0x0000,0x0000,0x0000,0x0000,0x0000,0x00ff,0xfb00,0x0000,0x0000,0x0000,
 0x0000,0x0000,0x0000,0x017f,0x6900,0x0000,0x0000,0x0000,0x0000,0x0000,0x0000,0x0039,
 0x0800,0x0000,0x0000,0x0000,0x0000,0x0000,0x0000,0x0000,0x0000,0x0000,0x0000,0x0000,
 0x0000,0x0000,0x0000,0x0000,0x0000,0x0000,0x0000,0x0000,0x0000,0x0000,0x0000,0x0000,
 0x0000,0x0000,0x0000,0x0000,0x0000,0x0000,0x0000,0x0000,0x0000,0x0000,0x0000,0x0000,
 0x0000,0x0000,0x0000,0x0000,0x0000,0x0000,0x0000,0x0000,0x0000,0x0000,0x0000,0x0000,
 0x0000,0x0000,0x0000,0x0000,0x0000,0x0000,0x0000,0x0000,0x0000,0x0000,0x0000,0x0000,
 0x0000,0x0000,0x0000,0x0000,0x0000,0x0000,0x0000,0x0000,0x0000,0x0000,0x0000,0x0000,
 0x0000,0x0000,0x0000,0x0000,0x0000,0x0000,0x0000,0x0000,0x0000,0x0000,0x0000,0x0000,
 0x0000,0x0000,0x0000,0x0000,0x0000,0x0000,0x0000,0x0000,0x0000,0x0000,0x0000,0x0000,
 0x0000,0x0000,0x0000,0x0000,0x0000,0x0000,0x0000,0x0000,0x0000,0x0000,0x0000,0x0000,
 0x0000,0x0000,0x0000,0x0000,0x0000,0x0000,0x0000,0x0000,0x0000,0x0000,0x0000,0x0000,
 0x0000,0x0000,0x0000,0x0000,0x0000,0x0000,0x0000,0x0000,0x0000,0x0000,0x0000,0x0000,
 0x0000,0x0000,0x0000,0x0000,0x0000,0x0000,0x0000,0x0000,0x0000,0x0000,0x0000,0x0000,
 0x0000,0x0000,0x0000,0x0000,0x0000,0x0000,0x0000,0x0000,0x0000,0x0000,0x0000,0x0000,
 0x0000,0x0000,0x0000,0x0000,0x0000,0x0000,0x0000,0x0000,0x0000,0x0000,0x0000,0x0000,
 0x0000,0x0000,0x0000,0x0000,0x0000,0x0000,0x0000,0x0000,0x0000,0x0000,0x0000,0x0000,
 0x0000,0x0000,0x0000,0x0000,0x0000,0x0000,0x0000,0x0000,0x0000,0x0000,0x0000,0x0000,
 0x0000,0x0000,0x0000,0x0000,0x0000,0x0000,0x0000,0x0000,0x0000,0x0000,0x0000,0x0000,
 0x0000,0x0000,0x0000,0x0000,0x0000,0x0000,0x0000,0x0000,0x0000,0x0000,0x0000,0x0000,
 0x0000,0x0000,0x0000,0x0000,0x0000,0x0000,0x0000,0x0000,0x0000,0x0000,0x0000,0x0000,
 0x0000,0x0000,0x0000,0x0000,0x0000,0x0000,0x0000,0x0000,0x0000,0x0000,0x0000,0x0000,
 0x0000,0x0000,0x0000,0x0000,0x0000,0x0000,0x0000,0x0000,0x0000,0x0000,0x0000,0x0000,
 0x0000,0x0000,0x0000,0x0000,0x0000,0x0000,0x0000,0x0000,0x0000,0x0000,0x0000,0x0000,
 0x0000,0x0000,0x0000,0x0000,0x0000,0x0000,0x0000,0x0000,0x0000,0x0000,0x0000,0x0000,
 0x0000,0x0000,0x0000,0x0001,0x2000,0x0000,0x0000,0x0000,0x0000,0x0000,0x0000,0x0000,
 0x0000,0x0000,0x0000,0x0000,0x0000,0x0000,0x0000,0x0000,0x0000,0x0000,0x0000,0x0000,
 0x0000,0x0000,0x0000,0x0000,0x0000,0x0000,0x0000,0x0000,0x0000,0x0000,0x0000,0x0000,
 0x0000,0x0000,0x0000,0x0000,0x0000,0x0000,0x0000,0x0000,0x0200,0x0000,0x0000,0x0000,
 0x0000,0x0000,0x0000,0x0000,0x0000,0x0000,0x0000,0x0000,0x0000,0x0000,0x0000,0x0000,
 0x0000,0x0000,0x0000,0x0000,0x0000,0x0000,0x0000,0x0000,0x0000,0x0000,0x0000,0x0000,
 0x0000,0x0000,0x0000,0x0000,0x0000,0x0000,0x0000,0x0000,0x0000,0x0000,0x0040,0x0000,
 0x0000,0x0000,0x0000,0x0000,0x0000,0x0000,0x0000,0x0000,0x0000,0x0000,0x0000,0x0000,
 0x0000,0x0000,0x0000,0x0000,0x0000,0x0000,0x0000,0x0000,0x0000,0x0000,0x0000,0x0100,
 0x0000,0x0000,0x0000,0x0000,0x0000,0x0000,0x0000,0x0000,0x0000,0x0000,0x0000,0x0000,
 0x0000,0x0000,0x0000,0x0000,0x0000,0x0000,0x0000,0x0000,0x0000,0x0000,0x0000,0x0000,
 0x0000,0x0000,0x0000,0x0000,0x0000,0x0000,0x0000,0x0000,0x0000,0x0000,0x0000,0x0000,
 0x0000,0x0000,0x0000,0x0000,0x0004,0x0000,0x0000,0x0000,0x0000,0x0000,0x0000,0x0800,
 0x0000,0x0000,0x0000,0x0000,0x0000,0x0000,0x0000,0x8000,0x0000,0x0000,0x0000,0x0000,
 0x0000,0x0000,0x0000,0x0000,0x0000,0x0000,0x0000,0x0000,0x0000,0x0000,0x0000,0x0000,
 0x0000,0x0000,0x0000,0x0000,0x0000,0x0000,0x0000,0x0000,0x0000,0x0000,0x0000,0x0000,
 0x0000,0x0000,0x0000,0x0000,0x0000,0x0000,0x0000,0x0000,0x0000,0x0000,0x0000,0x0000,
 0x0000,0x0000,0x0000,0x0000,0x0000,0x0000,0x0000,0x0000,0x0000,0x0000,0x0000,0x0000,
 0x0000,0x0000,0x0000,0x0000,0x0000,0x0000,0x0000,0x0000,0x0000,0x0000,0x0000,0x0000,
 0x0000,0x0000,0x0000,0x0000,0x0000,0x0000,0x0000,0x0000,0x0000,0x0000,0x0000,0x0000,
 0x0000,0x0000,0x0000,0x0000,0x0000,0x0000,0x0000,0x0000,0x0000,0x0000,0x0000,0x0000,
 0x0000,0x0000,0x0000,0x0000,0x0000,0x0000,0x0000,0x0000,0x0000,0x0000,0x0000,0x0000,
 0x0000,0x0000,0x0000,0x0000,0x0000,0x0000,0x0000,0x0000,0x0000,0x0000,0x0000,0x0000,
 0x0000,0x0000,0x0000,0x0000,0x0000,0x0000,0x0000,0x0000,0x0000,0x0000,0x0000,0x0000,
 0x0000,0x0000,0x0000,0x0000,0x0000,0x0000,0x0000,0x0000,0x0000,0x0000,0x0000,0x0000,
 0x0000,0x0000,0x0000,0x0000,0x0000,0x0000,0x0000,0x0000,0x0000,0x0000,0x0000,0x0000,
 0x0000,0x0000,0x0000,0x0000,0x0000,0x0000,0x0000,0x0000,0x0000,0x0000,0x0000,0x0000,
 0x0000,0x0000,0x0000,0x0000,0x0000,0x0000,0x0000,0x0000,0x0000,0x00fc,0x0000,0x0000,
 0x0000,0x0000,0x0000,0x0000,0x0000,0x0000,0x0000,0x0000,0x0000,0x0000,0x0000,0x0000,
 0x0000,0x0000,0x0000,0x0000,0x0000,0x0000,0x0000,0x0000,0x0000,0x0000,0x0000,0x0000,
 0x0000,0x0000,0x0000,0x0000,0x0000,0x0000,0x0000,0x0000,0x0000,0x0000,0x0000,0x0000,
 0x0000,0x0000,0x0000,0x0000,0x0000,0x0000,0x0000,0x0000,0x0000,0x0000,0x0000,0x0000,
 0x0000,0x0000,0x0000,0x0000,0x0000,0x0000,0x0000,0x0000,0x0000,0x0000,0x0000,0x0000,
 0x0000,0x0000,0x0000,0x0000,0x0000,0x0000,0x0000,0x0000,0x0000,0x0000,0x0000,0x0000,
 0x0000,0x0000,0x0000,0x0000,0x0000,0x0000,0x0000,0x0000,0x0000,0x0000,0x0000,0x0000,
 0x0000,0x0000,0x0000,0x0000,0x0000,0x0000,0x0000,0x0000,0x0000,0x0000,0x0000,0x0000,
 0x0000,0x0000,0x0000,0x0000,0x0000,0x0000,0x0000,0x0000,0x0000,0x0000,0x0000,0x0000,
 0x0000,0x0000,0x0000,0x0000,0x0000,0x0000,0x0000,0x0000,0x0000,0x0000,0x0000,0x0000,
 0x0000,0x0000,0x0000,0x0000,0x0000,0x0000,0x0000,0x0000,0x0000,0x0000,0x0000,0x0000,
 0x0000,0x0000,0x0000,0x0000,0x0000,0x0000,0x0000,0x0000,0x0000,0x0000,0x0000,0x0000,
 0x0000,0x0000,0x0000,0x0000,0x0000,0x0000,0x0000,0x0000,0x0000,0x0000,0x0000,0x0000,
 0x0000,0x0000,0x0000,0x0000,0x0000,0x0000,0x0000,0x0000,0x0000,0x0000,0x0000,0x0000,
 0x0000,0x0000,0x0000,0x0000,0x0000,0x0000,0x0000,0x0000,0x0000,0x0000,0x0000,0x0000,
 0x0000,0x0000,0x0000,0x0000,0x0000,0x0000,0x0000,0x0000,0x0000,0x0000,0x0000,0x0000,
 0x0000,0x0000,0x0000,0x0000,0x0000,0x0000,0x0000,0x0000,0x0000,0x0000,0x0000,0x0000,
 0x0000,0x0000,0x0000,0x0000,0x0000,0x0000,0x0000,0x0000,0x0000,0x0000,0x0000,0x0000,
 0x0000,0x0000,0x0000,0x0000,0x0000,0x0000,0x0000,0x0000,0x0000,0x0000,0x0000,0x0000,
 0x0000,0x0000,0x0000,0x0000,0x0000,0x0000,0x0000,0x0000,0x0000,0x0000,0x0000,0x0000,
 0x0000,0x0000,0x0000,0x0000,0x0000,0x0000,0x0000,0x0000,0x0000,0x0000,0x0000,0x0000,
 0x0000,0x0000,0x0000,0x0000,0x0000,0x0000,0x0000,0x0000,0x0000,0x0000,0x0000,0x0000,
 0x0000,0x0000,0x0000,0x0000,0x0000,0x0000,0x0000,0x0000,0x0000,0x0000,0x0000,0x0000,
 0x0000,0x0000,0x0000,0x0000,0x0000,0x0000,0x0000,0x0000,0x0000,0x0000,0x0000,0x0000,
 0x0000,0x0000,0x0000,0x0000,0x0000,0x0000,0x0000,0x0000,0x0000,0x0000,0x0000,0x0000,
 0x0000,0x0000,0x0000,0x0000,0x0000,0x0000,0x0000,0x0000,0x0000,0x0000,0x0000,0x0000,
 0x0000,0x0000,0x0000,0x0000,0x0000,0x0000,0x0000,0x0000,0x0000,0x0000,0x0000,0x0000,
 0x0000,0x0000,0x0000,0x0000,0x0000,0x0000,0x0000,0x0000,0x0000,0x0000,0x0000,0x0000,
 0x0000,0x0000,0x0000,0x0000,0x0000,0x0000,0x0000,0x0000,0x0000,0x0000,0x0000,0x0000,
 0x0000,0x0000,0x0000,0x0000,0x0000,0x0000,0x0000,0x0000,0x0000,0x0000,0x0000,0x0000,
 0x0000,0x0000,0x0000,0x0000,0x0000,0x0000,0x0000,0x0000,0x0000,0x0000,0x0000,0x0000,
 0x0000,0x0000,0x0000,0x0000,0x0000,0x0000,0x0000,0x0000,0x0000,0x0000,0x0000,0x0000,
 0x0000,0x0000,0x0000,0x0000,0x0000,0x0000,0x0000,0x0000,0x0000,0x0000,0x0000,0x0000,
 0x0000,0x0000,0x0000,0x0000,0x0000,0x0000,0x0000,0x0000,0x0000,0x0000,0x0000,0x0000,
 0x0000,0x0000,0x0000,0x0000,0x0000,0x0000,0x0000,0x0000,0x0000,0x0000,0x0000,0x0000,
 0x0000,0x0000,0x0000,0x0000,0x0000,0x0000,0x0000,0x0000,0x0000,0x0000,0x0000,0x0000,
 0x0000,0x0000,0x0000,0x0000,0x0000,0x0000,0x0000,0x0000,0x0000,0x0000,0x0000,0x0000,
 0x0000,0x0000,0x0000,0x0000,0x0000,0x0000,0x0000,0x0000,0x0000,0x0000,0x0000,0x0000,
 0x0000,0x0000,0x0000,0x0000,0x0000,0x0000,0x0000,0x0000,0x0000,0x0000,0x0000,0x0000,
 0x0000,0x0000,0x0000,0x0000,0x0000,0x0000,0x0000,0x0000,0x0000,0x0000,0x0000,0x0000,
 0x0000,0x0000,0x0000,0x0000,0x0000,0x0000,0x0000,0x0000,0x0000,0x0000,0x0000,0x0000,
 0x0000,0x0000,0x0000,0x0000,0x0000,0x0000,0x1c00,0x0000,0x0000,0x0000,0x0000,0x0000,
 0x0000,0x0000,0x0000,0x0000,0x0000,0x0000,0x0000,0x0000,0x0000,0x0000,0x0000,0x0000,
 0x0000,0x0000,0x0000,0x0000,0x0000,0x0000,0x0000,0x0000,0x0000,0x0000,0x0000,0x0000,
 0x0000,0x0000,0x0000,0x0000,0x0000,0x0000,0x0000,0x0000,0x0000,0x0000,0x0000,0x0000,
 0x0000,0x0000,0x0000,0x0000,0x0000,0x0000,0x0000,0x0000,0x0000,0x0000,0x0000,0x0000,
 0x0000,0x0000,0x0000,0x0000,0x0000,0x0000,0x0000,0x0000,0x0000,0x0000,0x0000,0x0000,
 0x0000,0x0000,0x0000,0x0000,0x0000,0x0000,0x0000,0x0000,0x0000,0x0000,0x0000,0x0000,
 0x0000,0x0000,0x0000,0x0000,0x0000,0x0000,0x0000,0x0000,0x0000,0x0000,0x0000,0x0000,
 0x0000,0x0000,0x0000,0x0000,0x0000,0x0000,0x0000,0x0000,0x0000,0x0000,0x0000,0x0000,
 0x0000,0x0000,0x0000,0x0000,0x0000,0x0000,0x0000,0x0000,0x0000,0x0000,0x0000,0x0000,
 0x0000,0x0000,0x0000,0x0000,0x0000,0x0000,0x0000,0x0000,0x0000,0x0000,0x0000,0x0000,
 0x0000,0x0000,0x0000,0x0000,0x0000,0x0000,0x0000,0x0000,0x0000,0x0000,0x0000,0x0000,
 0x0000,0x0000,0x0000,0x0000,0x0000,0x0000,0x0000,0x0000,0x0000,0x0000,0x0000,0x0000,
 0x0000,0x0000,0x0000,0x0000,0x0000,0x0000,0x0000,0x0000,0x0000,0x0000,0x0000,0x0000,
 0x0000,0x0000,0x0000,0x0000,0x0000,0x0000,0x0000,0x0000,0x0000,0x0000,0x0000,0x0000,
 0x0000,0x0000,0x0000,0x0000,0x0000,0x0000,0x0000,0x0000,0x0000,0x0000,0x0000,0x0000,
 0x8400,0x0000,0x0000,0x0000,0x0000,0x0000,0x0000,0x0000,0x0000,0x0000,0x0000,0x0000,
 0x0000,0x0000,0x0000,0x0000,0x0000,0x0000,0x0000,0x0000,0x0000,0x0000,0x0000,0x0000,
 0x0000,0x0000,0x0000,0x0000,0x0000,0x0000,0x0000,0x0000,0x0000,0x0000,0x0000,0x0000,
 0x0000,0x0000,0x0000,0x0000,0x0000,0x0000,0x0000,0x0000,0x0000,0x0000,0x0000,0x0000,
 0x0000,0x0000,0x0000,0x0000,0x0000,0x0000,0x0000,0x0010,0x0000,0x0000,0x0000,0x0000,
 0x0000,0x0000,0x0000,0x0000,0x0000,0x0000,0x0000,0x0000,0x0000,0x0000,0x0000,0x0000,
 0x0000,0x0000,0x0000,0x0000,0x0000,0x0000,0x0000,0x0000,0x0000,0x0000,0x0000,0x0000,
 0x0000,0x0000,0x0000,0x0000,0x0000,0x0000,0x0000,0x0000,0x0000,0x0000,0x0000,0x0000,
 0x0000,0x0000,0x0000,0x0000,0x0000,0x0000,0x0000,0x0000,0x0000,0x0000,0x0000,0x0000,
 0x0000,0x0000,0x0000,0x0000,0x0000,0x0000,0x0000,0x0000,0x0000,0x0000,0x0000,0x0000,
 0x0002,0x0000,0x0000,0x0000,0x0000,0x0000,0x0000,0x0000,0x0000,0x0000,0x0000,0x0000,
 0x0000,0x0000,0x0000,0x0000,0x0000,0x0000,0x0000,0x0000,0x0000,0x0000,0x0000,0x0000,
 0x0000,0x0000,0x0000,0x0000,0x0000,0x0000,0x0000,0x0000,0x0000,0x0000,0x0000,0x0000,
 0x0000,0x0000,0x0000,0x0000,0x0000,0x0000,0x0000,0x0000,0x0000,0x0000,0x0000,0x0000,
 0x0000,0x0000,0x0000,0x0000,0x0000,0x0000,0x0080,0x0000,0x0000,0x0000,0x0000,0x0000,
 0x0000,0x0000,0x0000,0x0000,0x0000,0x0000,0x0000,0x0000,0x0000,0x0000,0x0000,0x0000,
 0x0000,0x1000,0x0000,0x0000,0x0000,0x0000,0x0000,0x4000,0x0000,0x0000,0x0000,0x0000,
 0x0000,0x0000,0x0000,0x0000,0x0000,0x0000,0x0000,0x0000,0x0000,0x0000,0x0004,0x0000,
 0x0000,0x0000,0x0000,0x0000,0x0000,0x0000,0x0000,0x0000,0x0000,0x0000,0x0000,0x0000,
 0x0000,0x0000,0x0000,0x0000,0x0000,0x0000,0x0000,0x0000,0x0000,0x0000,0x0000,0x0000,
 0x0000,0x0000,0x0000,0x0000,0x0000,0x0000,0x0000,0x0000,0x0000,0x0000,0x0000,0x0000,
 0x0000,0x0000,0x0000,0x0000,0x0000,0x0000,0x0000,0x0000,0x0000,0x0000,0x0000,0x0000,
 0x0000,0x0000,0x0000,0x0000,0x0000,0x0000,0x0000,0x0000,0x0000,0x0000,0x0000,0x0000,
 0x0000,0x0000,0x0000,0x0000,0x0000,0x0000,0x0000,0x0000,0x0000,0x0000,0x0000,0x0000,
 0x0000,0x0000,0x0000,0x0000,0x0000,0x0000,0x0000,0x0000,0x0000,0x0000,0x0000,0x0000,
 0x0000,0x0000,0x0000,0x0000,0x0000,0x0000,0x0000,0x0000,0x0000,0x0000,0x0000,0x0000,
 0x0000,0x0000,0x0000,0x0000,0x0000,0x0000,0x0000,0x0000,0x0000,0x0000,0x0000,0x0000,
 0x0000,0x0000,0x0000,0x0000,0x0000,0x0000,0x0000,0x0000,0x0000,0x0000,0x0000,0x0000,
 0x0000,0x0000,0x0000,0x0000,0x0000,0x0000,0x0000,0x0000,0x0000,0x0000,0x0000,0x0000,
 0x0000,0x0000,0x0000,0x0000,0x0000,0x0000,0x0000,0x0000,0x0000,0x0000,0x0000,0x0000,
 0x0000,0x0000,0x0000,0x0000,0x0000,0x0000,0x0000,0x0000,0x0000,0x0000,0x0000,0x0000,
 0x0000,0x0000,0x0000,0x0000,0x0000,0x0000,0x0000,0x0000,0x0000,0x0000,0x0000,0x0000,
 0x0000,0x0000,0x0000,0x0000,0x0000,0x0000,0x0000,0x0000,0x0000,0x0000,0x0000,0x0000,
 0x0000,0x0000,0x0000,0x0000,0x0000,0x0000,0x0000,0x0000,0x0000,0x0000,0x0000,0x0000,
 0x0000,0x0000,0x0000,0x0000,0x0000,0x0000,0x0000,0x0000,0x0000,0x0000,0x0000,0x0000,
 0x0000,0x0000,0x0000,0x0000,0x0000,0x0000,0x0000,0x0000,0x0000,0x0000,0x0000,0x0000,
 0x0000,0x0000,0x0000,0x0000,0x0000,0x0000,0x0000,0x0000,0x0000,0x0000,0x0000,0x0000,
 0x0000,0x0000,0x0000,0x0000,0x0000,0x0000,0x0000,0x0000,0x0000,0x0000,0x0000,0x0000,
 0x0000,0x0000,0x0000,0x0000,0x0000,0x0000,0x0000,0x0000,0x0000,0x0000,0x0000,0x0000,
 0x0000,0x0000,0x0000,0x0000,0x0000,0x0000,0x0000,0x0000,0x0000,0x0000,0x0000,0x0000,
 0x0000,0x0000,0x0000,0x0000,0x0000,0x0000,0x0000,0x0000,0x0000,0x0000,0x0000,0x0000,
 0x0000,0x0000,0x0000,0x0000,0x0000,0x0000,0x0000,0x0000,0x0000,0x0000,0x0000,0x0000,
 0x0000,0x0000,0x0000,0x0000,0x0000,0x0000,0x0000,0x0000,0x8400,0x0000,0x0000,0x0000,
 0x0000,0x0000,0x0000,0x0000,0x0000,0x0000,0x0000,0x0000,0x0000,0x0000,0x0000,0x0000,
 0x0000,0x0000,0x0000,0x0000,0x0000,0x0000,0x0000,0x0000,0x0000,0x0000,0x0000,0x0000,
 0x0000,0x0000,0x0000,0x0000,0x0000,0x0000,0x0000,0x0000,0x0000,0x0000,0x0000,0x0000,
 0x0000,0x0000,0x0000,0x0000,0x0000,0x0000,0x0000,0x0000,0x0000,0x0000,0x0000,0x0000,
 0x0000,0x0000,0x0000,0x0010,0x0000,0x0000,0x0000,0x0000,0x0000,0x0000,0x0000,0x0000,
 0x0000,0x0000,0x0000,0x0000,0x0000,0x0000,0x0000,0x0000,0x0000,0x0000,0x0000,0x0000,
 0x0000,0x0000,0x0000,0x0000,0x0000,0x0000,0x0000,0x0000,0x0000,0x0000,0x0000,0x0000,
 0x0000,0x0000,0x0000,0x0000,0x0000,0x0000,0x0000,0x0000,0x0000,0x0000,0x0000,0x0000,
 0x0000,0x0000,0x0000,0x0000,0x0000,0x0000,0x0000,0x0000,0x0000,0x0000,0x0000,0x0000,
 0x0000,0x0000,0x0000,0x0000,0x0000,0x0000,0x0000,0x0000,0x0002,0x0000,0x0000,0x0000,
 0x0000,0x0000,0x0000,0x0000,0x0000,0x0000,0x0000,0x0000,0x0000,0x0000,0x0000,0x0000,
 0x0000,0x0000,0x0000,0x0000,0x0000,0x0000,0x0000,0x0000,0x0000,0x0000,0x0000,0x0000,
 0x0000,0x0000,0x0000,0x0000,0x0000,0x0000,0x0000,0x0000,0x0000,0x0000,0x0000,0x0000,
 0x0000,0x0000,0x0000,0x0000,0x0000,0x0000,0x0000,0x0000,0x0000,0x0000,0x0000,0x0000,
 0x0000,0x0000,0x0080,0x0000,0x0000,0x0000,0x0000,0x0000,0x0000,0x0000,0x0000,0x0000,
 0x0000,0x0000,0x0000,0x0000,0x0000,0x0000,0x0000,0x0000,0x0000,0x1000,0x0000,0x0000,
 0x0000,0x0000,0x0000,0x4000,0x0000,0x0000,0x0000,0x0000,0x0000,0x0000,0x0000,0x0000,
 0x0000,0x0000,0x0000,0x0000,0x0000,0x0000,0x0004,0x0000,0x0000,0x0000,0x0000,0x0000,
 0x0000,0x0000,0x0000,0x0000,0x0000,0x0000,0x0000,0x0000,0x0000,0x0000,0x0000,0x0000,
 0x0000,0x0000,0x0000,0x0000,0x0000,0x0000,0x0000,0x0000,0x0000,0x0000,0x0000,0x0000,
 0x0000,0x0000,0x0000,0x0000,0x0000,0x0000,0x0000,0x0000,0x0000,0x0000,0x0000,0x0000,
 0x0000,0x0000,0x0000,0x0000,0x0000,0x0000,0x0000,0x0000,0x0000,0x0000,0x0000,0x0000,
 0x0000,0x0000,0x0000,0x0000,0x0000,0x0000,0x0000,0x0000,0x0000,0x0000,0x0000,0x0000,
 0x0000,0x0000,0x0000,0x0000,0x0000,0x0000,0x0000,0x0000,0x0000,0x0000,0x0000,0x0000,
 0x0000,0x0000,0x0000,0x0000,0x0000,0x0000,0x0000,0x0000,0x0000,0x0000,0x0000,0x0000,
 0x0000,0x0000,0x0000,0x0000,0x0000,0x0000,0x0000,0x0000,0x0000,0x0000,0x0000,0x0000,
 0x0000,0x0000,0x0000,0x0000,0x0000,0x0000,0x0000,0x0000,0x0000,0x0000,0x0000,0x0000,
 0x0000,0x0000,0x0000,0x0000,0x0000,0x0000,0x0000,0x0000,0x0000,0x0000,0x0000,0x0000,
 0x0000,0x0000,0x0000,0x0000,0x0000,0x0000,0x0000,0x0000,0x0000,0x0000,0x0000,0x0000,
 0x0000,0x0000,0x0000,0x0000,0x0000,0x0000,0x0000,0x0000,0x0000,0x0000,0x0000,0x0000,
 0x0000,0x0000,0x0000,0x0000,0x0000,0x0000,0x0000,0x0000,0x0000,0x0000,0x0000,0x0000,
 0x0000,0x0000,0x0000,0x0000,0x0000,0x0000,0x0000,0x0000,0x0000,0x0000,0x0000,0x0000,
 0x0000,0x0000,0x0000,0x0000,0x0000,0x0000,0x0000,0x0000,0x0000,0x0000,0x0000,0x0000,
 0x0000,0x0000,0x0000,0x0000,0x0000,0x0000,0x0000,0x0000,0x0000,0x0000,0x0000,0x0000,
 0x0000,0x0000,0x0000,0x0000,0x0000,0x0000,0x0000,0x0000,0x0000,0x0000,0x0000,0x0000,
 0x0000,0x0000,0x0000,0x0000,0x0000,0x0000,0x0000,0x0000,0x0000,0x0000,0x0000,0x0000,
 0x0000,0x0000,0x0000,0x0000,0x0000,0x0000,0x0000,0x0000,0x0000,0x0000,0x0000,0x0000,
 0x0000,0x0000,0x0000,0x0000,0x0000,0x0000,0x0000,0x0000,0x0000,0x0000,0x0000,0x0000,
 0x0000,0x0000,0x0000,0x0000,0x0000,0x0000,0x0000,0x0000,0x0000,0x0000,0x0000,0x0000,
 0x0000,0x0000,0x0000,0x0000,0x0000,0x0000,0x0000,0x0000,0x0000,0x0000,0x0000,0x0000,
 0x0000,0x0000,0x0000,0x0000,0x0000,0x0000,0x0000,0x0000,0x0000,0x0000,0x0000,0x0000,
 0x0000,0x0000,0x0000,0x0000,0x0000,0x0000,0x0000,0x0000,0x0000,0x0000,0x0000,0x0000,
 0x0000,0x0000,0x0000,0x0000,0x8400,0x0000,0x0000,0x0000,0x0000,0x0000,0x0000,0x0000,
 0x0000,0x0000,0x0000,0x0000,0x0000,0x0000,0x0000,0x0000,0x0000,0x0000,0x0000,0x0000,
 0x0000,0x0000,0x0000,0x0000,0x0000,0x0000,0x0000,0x0000,0x0000,0x0000,0x0000,0x0000,
 0x0000,0x0000,0x0000,0x0000,0x0000,0x0000,0x0000,0x0000,0x0000,0x0000,0x0000,0x0000,
 0x0000,0x0000,0x0000,0x0000,0x0000,0x0000,0x0000,0x0000,0x0000,0x0000,0x0000,0x0010,
 0x0000,0x0000,0x0000,0x0000,0x0000,0x0000,0x0000,0x0000,0x0000,0x0000,0x0000,0x0000,
 0x0000,0x0000,0x0000,0x0000,0x0000,0x0000,0x0000,0x0000,0x0000,0x0000,0x0000,0x0000,
 0x0000,0x0000,0x0000,0x0000,0x0000,0x0000,0x0000,0x0000,0x0000,0x0000,0x0000,0x0000,
 0x0000,0x0000,0x0000,0x0000,0x0000,0x0000,0x0000,0x0000,0x0000,0x0000,0x0000,0x0000,
 0x0000,0x0000,0x0000,0x0000,0x0000,0x0000,0x0000,0x0000,0x0000,0x0000,0x0000,0x0000,
 0x0000,0x0000,0x0000,0x0000,0x0002,0x0000,0x0000,0x0000,0x0000,0x0000,0x0000,0x0000,
 0x0000,0x0000,0x0000,0x0000,0x0000,0x0000,0x0000,0x0000,0x0000,0x0000,0x0000,0x0000,
 0x0000,0x0000,0x0000,0x0000,0x0000,0x0000,0x0000,0x0000,0x0000,0x0000,0x0000,0x0000,
 0x0000,0x0000,0x0000,0x0000,0x0000,0x0000,0x0000,0x0000,0x0000,0x0000,0x0000,0x0000,
 0x0000,0x0000,0x0000,0x0000,0x0000,0x0000,0x0000,0x0000,0x0000,0x0000,0x0080,0x0000,
 0x0000,0x0000,0x0000,0x0000,0x0000,0x0000,0x0000,0x0000,0x0000,0x0000,0x0000,0x0000,
 0x0000,0x0000,0x0000,0x0000,0x0000,0x1000,0x0000,0x0000,0x0000,0x0000,0x0000,0x4000,
 0x0000,0x0000,0x0000,0x0000,0x0000,0x0000,0x0000,0x0000,0x0000,0x0000,0x0000,0x0000,
 0x0000,0x0000,0x0004,0x0000,0x0000,0x0000,0x0000,0x0000,0x0000,0x0000,0x0000,0x0000,
 0x0000,0x0000,0x0000,0x0000,0x0000,0x0000,0x0000,0x0000,0x0000,0x0000,0x0000,0x0000,
 0x0000,0x0000,0x0000,0x0000,0x0000,0x0000,0x0000,0x0000,0x0000,0x0000,0x0000,0x0000,
 0x0000,0x0000,0x0000,0x0000,0x0000,0x0000,0x0000,0x0000,0x0000,0x0000,0x0000,0x0000,
 0x0000,0x0000,0x0000,0x0000,0x0000,0x0000,0x0000,0x0000,0x0000,0x0000,0x0000,0x0000,
 0x0000,0x0000,0x0000,0x0000,0x0000,0x0000,0x0000,0x0000,0x0000,0x0000,0x0000,0x0000,
 0x0000,0x0000,0x0000,0x0000,0x0000,0x0000,0x0000,0x0000,0x0000,0x0000,0x0000,0x0000,
 0x0000,0x0000,0x0000,0x0000,0x0000,0x0000,0x0000,0x0000,0x0000,0x0000,0x0000,0x0000,
 0x0000,0x0000,0x0000,0x0000,0x0000,0x0000,0x0000,0x0000,0x0000,0x0000,0x0000,0x0000,
 0x0000,0x0000,0x0000,0x0000,0x0000,0x0000,0x0000,0x0000,0x0000,0x0000,0x0000,0x0000,
 0x0000,0x0000,0x0000,0x0000,0x0000,0x0000,0x0000,0x0000,0x0000,0x0000,0x0000,0x0000,
 0x0000,0x0000,0x0000,0x0000,0x0000,0x0000,0x0000,0x0000,0x0000,0x0000,0x0000,0x0000,
 0x0000,0x0000,0x0000,0x0000,0x0000,0x0000,0x0000,0x0000,0x0000,0x0000,0x0000,0x0000,
 0x0000,0x0000,0x0000,0x0000,0x0000,0x0000,0x0000,0x0000,0x0000,0x0000,0x0000,0x0000,
 0x0000,0x0000,0x0000,0x0000,0x0000,0x0000,0x0000,0x0000,0x0000,0x0000,0x0000,0x0000,
 0x0000,0x0000,0x0000,0x0000,0x0000,0x0000,0x0000,0x0000,0x0000,0x0000,0x0000,0x0000,
 0x0000,0x0000,0x0000,0x0000,0x0000,0x0000,0x0000,0x0000,0x0000,0x0000,0x0000,0x0000,
 0x0000,0x0000,0x0000,0x0000,0x0000,0x0000,0x0000,0x0000,0x0000,0x0000,0x0000,0x0000,
 0x0000,0x0000,0x0000,0x0000,0x0000,0x0000,0x0000,0x0000,0x0000,0x0000,0x0000,0x0000,
 0x0000,0x0000,0x0000,0x0000,0x0000,0x0000,0x0000,0x0000,0x0000,0x0000,0x0000,0x0000,
 0x0000,0x0000,0x0000,0x0000,0x0000,0x0000,0x0000,0x0000,0x0000,0x0000,0x0000,0x0000,
 0x0000,0x0000,0x0000,0x0000,0x0000,0x0000,0x0000,0x0000,0x0000,0x0000,0x0000,0x0000,
 0x0000,0x0000,0x0000,0x0000,0x0000,0x0000,0x0000,0x0000,0x0000,0x0000,0x0000,0x0000,
 0x0000,0x0000,0x0000,0x0000,0x0000,0x0000,0x0000,0x0000,0x0000,0x0000,0x0000,0x0000,
 0x0000,0x0000,0x0000,0x0000,0x0000,0x0000,0x0000,0x0000,0x0000,0x0000,0x0000,0x0000,
 0x0000,0x0000,0x0000,0x0000,0x0000,0x0000,0x0000,0x0000,0x0000,0x0000,0x0000,0x0000,
 0x0000,0x0000,0x0000,0x0000,0x0000,0x0000,0x0000,0x0000,0x0000,0x0000,0x0000,0x0000,
 0x0000,0x0000,0x0000,0x0000,0x0000,0x0000,0x0000,0x0000,0x0000,0x0000,0x0000,0x0000,
 0x0000,0x0000,0x0000,0x0000,0x0000,0x0000,0x0000,0x0000,0x0000,0x0000,0x0000,0x0000,
 0x0000,0x0000,0x0000,0x0000,0x0000,0x0000,0x0000,0x0000,0x0000,0x0000,0x0000,0x0000,
 0x0000,0x0000,0x0000,0x0000,0x0000,0x0000,0x0000,0x0000,0x0000,0x0000,0x0000,0x0000,
 0x0000,0x0000,0x0000,0x0000,0x0000,0x0000,0x0000,0x0000,0x0000,0x0000,0x0000,0x0000,
 0x0000,0x0000,0x0000,0x0000,0x0000,0x0000,0x0000,0x0000,0x0000,0x0000,0x0000,0x0000,
 0x0000,0x0000,0x0000,0x0000,0x0000,0x0000,0x0000,0x0000,0x0000,0x0000,0x0000,0x0000,
 0x0000,0x0000,0x0000,0x0000,0x0000,0x0000,0x0000,0x0000,0x0000,0x0000,0x0000,0x0000,
 0x0000,0x0000,0x0000,0x0000,0x0000,0x0000,0x0000,0x0000,0x0000,0x0000,0x0000,0x0000,
 0x0000,0x0000,0x0000,0x0000,0x0000,0x0000,0x0000,0x0000,0x0000,0x0000,0x0000,0x0000,
 0x0000,0x0000,0x0000,0x0000,0x0000,0x0000,0x0000,0x0000,0x0000,0x0000,0x0000,0x0000,
 0x0000,0x0000,0x0000,0x0000,0x0000,0x0000,0x0000,0x0000,0x0000,0x0000,0x0000,0x0000,
 0x0000,0x0000,0x0000,0x0000,0x0000,0x0000,0x0000,0x0000,0x0000,0x0000,0x0000,0x0000,
 0x0000,0x0000,0x0000,0x0000,0x0000,0x0000,0x0000,0x0000,0x0000,0x0000,0x0000,0x0000,
 0x0000,0x0000,0x0000,0x0000,0x0000,0x0000,0x0000,0x0000,0x0000,0x0000,0x0000,0x0000,
 0x0000,0x0000,0x0000,0x0000,0x0000,0x0000,0x0000,0x0000,0x0000,0x0000,0x0000,0x0000,
 0x0000,0x0000,0x0000,0x0000,0x0000,0x0000,0x0000,0x0000,0x0000,0x0000,0x0000,0x0000,
 0x0000,0x0000,0x0000,0x0000,0x0000,0x0000,0x0000,0x0000,0x0000,0x0000,0x0000,0x0000,
 0x0000,0x0000,0x0000,0x0000,0x0000,0x0000,0x0000,0x0000,0x0000,0x0000,0x0000,0x0000,
 0x0000,0x0000,0x0000,0x0000,0x0000,0x0000,0x0000,0x0000,0x0000,0x0000,0x0000,0x0000,
 0x0000,0x0000,0x0000,0x0000,0x0000,0x0000,0x0000,0x0000,0x0000,0x0000,0x0000,0x0000,
 0x0000,0x0000,0x0000,0x0000,0x0000,0x0000,0x0000,0x0000,0x0000,0x0000,0x0000,0x0000,
 0x0000,0x0000,0x0000,0x0000,0x0000,0x0000,0x0000,0x0000,0x0000,0x0000,0x0000,0x0000,
 0x0000,0x0000,0x0000,0x0000,0x0000,0x0000,0x0000,0x0000,0x0000,0x0000,0x0000,0x0000,
 0x0000,0x0000,0x0000,0x0000,0x0000,0x0000,0x0000,0x0000,0x0000,0x0000,0x0000,0x0000,
 0x0000,0x0000,0x0000,0x0000,0x0000,0x0000,0x0000,0x0000,0x0000,0x0000,0x0000,0x0000,
 0x0000,0x0000,0x0000,0x0000,0x0000,0x0000,0x0000,0x0000,0x0000,0x0000,0x0000,0x0000,
 0x0000,0x0000,0x0000,0x0000,0x0000,0x0000,0x0000,0x0000,0x0000,0x0000,0x0000,0x0000,
 0x0000,0x0000,0x0000,0x0000,0x0000,0x0000,0x0000,0x0000,0x0000,0x0000,0x0000,0x0000,
 0x0000,0x0000,0x0000,0x0000,0x0000,0x0000,0x0000,0x0000,0x0000,0x0000,0x0000,0x0000,
 0x0000,0x0000,0x0000,0x0000,0x0000,0x0000,0x0000,0x0000,0x0000,0x0000,0x0000,0x0000,
 0x0000,0x0000,0x0000,0x0000,0x0000,0x0000,0x0000,0x0000,0x0000,0x0000,0x0000,0x0000,
 0x0000,0x0000,0x0000,0x0000,0x0000,0x0000,0x0000,0x0000,0x0000,0x0000,0x0000,0x0000,
 0x0000,0x0000,0x0000,0x0000,0x0000,0x0000,0x0000,0x0000,0x0000,0x0000,0x0000,0x0000,
 0x0000,0x0000,0x0000,0x0000,0x0000,0x0000,0x0000,0x0000,0x0000,0x0000,0x0000,0x0000,
 0x0000,0x0000,0x0000,0x0000,0x0000,0x0000,0x0000,0x0000,0x0000,0x0000,0x0000,0x0000,
 0x0000,0x0000,0x0000,0x0000,0x0000,0x0000,0x0000,0x0000,0x0000,0x0000,0x0000,0x0000,
 0x0000,0x0000,0x0000,0x0000,0x0000,0x0000,0x0000,0x0000,0x0000,0x0000,0x0000,0x0000,
 0x0000,0x0000,0x0000,0x0000,0x0000,0x0000,0x0000,0x0000,0x0000,0x0000,0x0000,0x0000,
 0x0000,0x0000,0x0000,0x0000,0x0000,0x0000,0x0000,0x0000,0x0000,0x0000,0x0000,0x0000,
 0x0000,0x0000,0x0000,0x0000,0x0000,0x0000,0x0000,0x0000,0x0000,0x0000,0x0000,0x0000,
 0x0000,0x0000,0x0000,0x0000,0x0000,0x0000,0x0000,0x0000,0x0000,0x0000,0x0000,0x0000,
 0x0000,0x0000,0x0000,0x0000,0x0000,0x0000,0x0000,0x0000,0x0000,0x0000,0x0000,0x0000,
 0x0000,0x0000,0x0000,0x0000,0x0000,0x0000,0x0000,0x0000,0x0000,0x0000,0x0000,0x0000,
 0x0000,0x0000,0x0000,0x0000,0x0000,0x0000,0x0000,0x0000,0x0000,0x0000,0x0000,0x0000,
 0x0000,0x0000,0x0000,0x0000,0x0000,0x0000,0x0000,0x0000,0x0000,0x0000,0x0000,0x0000,
 0x0000,0x0000,0x0000,0x0000,0x0000,0x0000,0x0000,0x0000,0x0000,0x0000,0x0000,0x0000,
 0x0000,0x0000,0x0000,0x0000,0x0000,0x0000,0x0000,0x0000,0x0000,0x0000,0x0000,0x0000,
 0x0000,0x0000,0x0000,0x0000,0x0000,0x0000,0x0000,0x0000,0x0000,0x0000,0x0000,0x0000,
 0x0000,0x0000,0x0000,0x0000,0x0000,0x0000,0x0000,0x0000,0x0000,0x0000,0x0000,0x0000,
 0x0000,0x0000,0x0000,0x0000,0x0000,0x0000,0x0000,0x0000,0x0000,0x0000,0x0000,0x0000,
 0x0000,0x0000,0x0000,0x0000,0x0000,0x0000,0x0000,0x0000,0x0000,0x0000,0x0000,0x0000,
 0x0000,0x0000,0x0000,0x0000,0x0000,0x0000,0x0000,0x0000,0x0000,0x0000,0x0000,0x0000,
 0x0000,0x0000,0x0000,0x0000,0x0000,0x0000,0x0000,0x0000,0x0000,0x0000,0x0000,0x0000,
 0x0000,0x0000,0x0000,0x0000,0x0000,0x0000,0x0000,0x0000,0x0000,0x0000,0x0000,0x0000,
 0x0000,0x0000,0x0000,0x0000,0x0000,0x0000,0x0000,0x0000,0x0000,0x0000,0x0000,0x0000,
 0x0000,0x0000,0x0000,0x0000,0x0000,0x0000,0x0000,0x0000,0x0000,0x0000,0x0000,0x0000,
 0x0000,0x0000,0x0000,0x0000,0x0000,0x0000,0x0000,0x0000,0x0000,0x0000,0x0000,0x0000,
 0x0000,0x0000,0x0000,0x0000,0x0000,0x0000,0x0000,0x0000,0x0000,0x0000,0x0000,0x0000,
 0x0000,0x0000,0x0000,0x0000,0x0000,0x0000,0x0000,0x0000,0x0000,0x0000,0x0000,0x0000,
 0x0000,0x0000,0x0000,0x0000,0x0000,0x0000,0x0000,0x0000,0x0000,0x0000,0x0000,0x0000,
 0x0000,0x0000,0x0000,0x0000,0x0000,0x0000,0x0000,0x0000,0x0000,0x0000,0x0000,0x0000,
 0x0000,0x0000,0x0000,0x0000,0x0000,0x0000,0x0000,0x0000,0x0000,0x0000,0x0000,0x0000,
 0x0000,0x0000,0x0000,0x0000,0x0000,0x0000,0x0000,0x0000,0x0000,0x0000,0x0000,0x0000,
 0x0000,0x0000,0x0000,0x0000,0x0000,0x0000,0x0000,0x0000,0x0000,0x0000,0x0000,0x0000,
 0x0000,0x0000,0x0000,0x0000,0x0000,0x0000,0x0000,0x0000,0x0000,0x0000,0x0000,0x0000,
 0x0000,0x0000,0x0000,0x0000,0x0000,0x0000,0x0000,0x0000,0x0000,0x0000,0x0000,0x0000,
 0x0000,0x0000,0x0000,0x0000,0x0000,0x0000,0x0000,0x0000,0x0000,0x0000,0x0000,0x0000,
 0x0000,0x0000,0x0000,0x0000,0x0000,0x0000,0x0000,0x0000,0x0000,0x0000,0x0000,0x0000,
 0x0000,0x0000,0x0000,0x0000,0x0000,0x0000,0x0000,0x0000,0x0000,0x0000,0x0000,0x0000,
 0x0000,0x0000,0x0000,0x0000,0x0000,0x0000,0x0000,0x0000,0x0000,0x0000,0x0000,0x0000,
 0x0000,0x0000,0x0000,0x0000,0x0000,0x0000,0x0000,0x0000,0x0000,0x0000,0x0000,0x0000,
 0x0000,0x0000,0x0000,0x0000,0x0000,0x0000,0x0000,0x0000,0x0000,0x0000,0x0000,0x0000,
 0x0000,0x0000,0x0000,0x0000,0x0000,0x0000,0x0000,0x0000,0x0000,0x0000,0x0000,0x0000,
 0x0000,0x0000,0x0000,0x0000,0x0000,0x0000,0x0000,0x0000,0x0000,0x0000,0x0000,0x0000,
 0x0000,0x0000,0x0000,0x0000,0x0000,0x0000,0x0000,0x0000,0x0000,0x0000,0x0000,0x0000,
 0x0000,0x0000,0x0000,0x0000,0x0000,0x0000,0x0000,0x0000,0x0000,0x0000,0x0000,0x0000,
 0x0000,0x0000,0x0000,0x0000,0x0000,0x0000,0x0000,0x0000,0x0000,0x0000,0x0000,0x0000,
 0x0000,0x0000,0x0000,0x0000,0x0000,0x0000,0x0000,0x0000,0x0000,0x0000,0x0000,0x0000,
 0x0000,0x0000,0x0000,0x0000,0x0000,0x0000,0x0000,0x0000,0x0000,0x0000,0x0000,0x0000,
 0x0000,0x0000,0x0000,0x0000,0x0000,0x0000,0x0000,0x0000,0x0000,0x0000,0x0000,0x0000,
 0x0000,0x0000,0x0000,0x0000,0x0000,0x0000,0x0000,0x0000,0x0000,0x0000,0x0000,0x0000,
 0x0000,0x0000,0x0000,0x0000,0x0000,0x0000,0x0000,0x0000,0x4000,0x0000,0x0000,0x0000,
 0x0000,0x0000,0x0000,0x0000,0x0000,0x0000,0x0000,0x0000,0x0000,0x0000,0x0000,0x0000,
 0x0000,0x0000,0x0000,0x0000,0x0000,0x0000,0x0000,0x0000,0x0000,0x0000,0x0000,0x0000,
 0x0000,0x0000,0x0000,0x0000,0x0000,0x0000,0x0000,0x0000,0x0000,0x0000,0x0000,0x0000,
 0x0000,0x0000,0x0000,0x0000,0x0000,0x0000,0x0000,0x0000,0x0000,0x0000,0x0000,0x0000,
 0x0000,0x0000,0x0000,0x0000,0x0004,0x0000,0x0000,0x0000,0x0000,0x0000,0x0000,0x0000,
 0x0000,0x0000,0x0000,0x0000,0x0000,0x0000,0x0000,0x0010,0x0000,0x0000,0x0000,0x0000,
 0x0000,0x0000,0x0000,0x0000,0x0000,0x0000,0x0000,0x0000,0x0000,0x0000,0x0000,0x0000,
 0x0000,0x0000,0x0000,0x0000,0x0000,0x0000,0x0000,0x0000,0x0000,0x0000,0x0000,0x0000,
 0x0000,0x0000,0x0000,0x0000,0x0000,0x0000,0x0000,0x0000,0x0000,0x0000,0x0000,0x0000,
 0x0000,0x0000,0x0000,0x0000,0x0000,0x0000,0x0000,0x0000,0x0000,0x0000,0x0000,0x0000,
 0x0000,0x0004,0x0000,0x0000,0x0000,0x0000,0x0000,0x0000,0x0000,0x0000,0x0000,0x0000,
 0x0000,0x0000,0x0000,0x0000,0x0000,0x0000,0x0000,0x0000,0x0000,0x0000,0x0000,0x0000,
 0x0000,0x0000,0x0000,0x0000,0x0000,0x1000,0x0000,0x0000,0x0000,0x0000,0x0000,0x0000,
 0x0000,0x0000,0x0000,0x0000,0x0000,0x0000,0x0000,0x0400,0x0000,0x0000,0x0000,0x0000,
 0x0000,0x0000,0x0000,0x0000,0x0000,0x0000,0x0000,0x0000,0x0000,0x0000,0x0000,0x0000,
 0x0000,0x0000,0x0000,0x0000,0x0000,0x0000,0x0000,0x0000,0x0000,0x0000,0x0000,0x0000,
 0x0000,0x0000,0x0000,0x0000,0x0000,0x0000,0x0000,0x0000,0x0000,0x0000,0x0000,0x0000,
 0x0000,0x0000,0x0000,0x0000,0x0000,0x0000,0x1000,0x0000,0x0000,0x0000,0x0000,0x0000,
 0x0000,0x0000,0x0000,0x0000,0x0000,0x0000,0x0000,0x0000,0x0000,0x0000,0x0000,0x0000,
 0x0000,0x0000,0x0000,0x0000,0x0000,0x0000,0x0000,0x0000,0x0000,0x0040,0x0000,0x0000,
 0x0000,0x0000,0x0000,0x0000,0x0000,0x0000,0x0000,0x0000,0x0000,0x0000,0x0000,0x0000,
 0x0000,0x0000,0x0000,0x0000,0x0000,0x0000,0x0040,0x0000,0x0000,0x0000,0x0000,0x0000,
 0x0000,0x0000,0x0000,0x0000,0x0000,0x0000,0x0000,0x0000,0x0000,0x0000,0x0000,0x0000,
 0x0000,0x0000,0x0000,0x0000,0x0000,0x0000,0x0000,0x0000,0x0000,0x0000,0x0000,0x0000,
 0x0000,0x0000,0x0000,0x0000,0x0000,0x0000,0x0000,0x0000,0x0000,0x0000,0x0000,0x0000,
 0x0000,0x0000,0x0000,0x0000,0x0000,0x0000,0x0000,0x0000,0x0000,0x0000,0x0000,0x0000,
 0x0000,0x0000,0x0000,0x0000,0x0000,0x0000,0x0000,0x0000,0x0000,0x0000,0x0000,0x0000,
 0x0000,0x0000,0x0000,0x0000,0x0000,0x0000,0x0000,0x0000,0x0000,0x0000,0x0000,0x0000,
 0x0000,0x0000,0x0000,0x0000,0x0000,0x0000,0x0000,0x0000,0x0000,0x0000,0x0000,0x0000,
 0x0000,0x0000,0x0000,0x0000,0x0000,0x0000,0x0000,0x0000,0x0000,0x0000,0x0000,0x0000,
 0x0000,0x0000,0x0000,0x0000,0x0000,0x0000,0x0000,0x0000,0x0000,0x0000,0x0000,0x0000,
 0x0000,0x0000,0x0000,0x0000,0x0000,0x0000,0x0000,0x0000,0x0000,0x0000,0x0000,0x0000,
 0x0000,0x0000,0x0000,0x0000,0x0000,0x0000,0x0000,0x0000,0x0000,0x0000,0x0000,0x0000,
 0x0000,0x0000,0x0000,0x0000,0x0000,0x0000,0x0000,0x0000,0x0000,0x0000,0x0000,0x0000,
 0x0000,0x0000,0x0000,0x0000,0x0000,0x0000,0x0000,0x0000,0x0000,0x0000,0x0000,0x0000,
 0x0000,0x0000,0x0000,0x0000,0x0000,0x0000,0x0000,0x0000,0x0000,0x0000,0x0000,0x0000,
 0x0000,0x0000,0x0000,0x0000,0x0000,0x0000,0x0000,0x0000,0x0000,0x0000,0x0000,0x0000,
 0x0000,0x0000,0x0000,0x0000,0x0000,0x0000,0x0000,0x0000,0x0000,0x0000,0x0000,0x0000,
 0x0000,0x0000,0x0000,0x0000,0x0000,0x0000,0x0000,0x0000,0x0000,0x0000,0x0000,0x0000,
 0x0000,0x0000,0x0000,0x0000,0x0000,0x0000,0x0000,0x0000,0x0000,0x0000,0x0000,0x0000,
 0x0000,0x0000,0x0000,0x0000,0x0000,0x0000,0x0000,0x0000,0x0000,0x0000,0x0000,0x0000,
 0x0000,0x0000,0x0000,0x0000,0x0000,0x0000,0x0000,0x0000,0x0000,0x0000,0x0000,0x0000,
 0x0000,0x0000,0x0000,0x0000,0x4000,0x0000,0x0000,0x0000,0x0000,0x0000,0x0000,0x0000,
 0x0000,0x0000,0x0000,0x0000,0x0000,0x0000,0x0000,0x0000,0x0000,0x0000,0x0000,0x0000,
 0x0000,0x0000,0x0000,0x0000,0x0000,0x0000,0x0000,0x0000,0x0000,0x0000,0x0000,0x0000,
 0x0000,0x0000,0x0000,0x0000,0x0000,0x0000,0x0000,0x0000,0x0000,0x0000,0x0000,0x0000,
 0x0000,0x0000,0x0000,0x0000,0x0000,0x0000,0x0000,0x0000,0x0000,0x0000,0x0000,0x0000,
 0x0004,0x0000,0x0000,0x0000,0x0000,0x0000,0x0000,0x0000,0x0000,0x0000,0x0000,0x0000,
 0x0000,0x0000,0x0000,0x0010,0x0000,0x0000,0x0000,0x0000,0x0000,0x0000,0x0000,0x0000,
 0x0000,0x0000,0x0000,0x0000,0x0000,0x0000,0x0000,0x0000,0x0000,0x0000,0x0000,0x0000,
 0x0000,0x0000,0x0000,0x0000,0x0000,0x0000,0x0000,0x0000,0x0000,0x0000,0x0000,0x0000,
 0x0000,0x0000,0x0000,0x0000,0x0000,0x0000,0x0000,0x0000,0x0000,0x0000,0x0000,0x0000,
 0x0000,0x0000,0x0000,0x0000,0x0000,0x0000,0x0000,0x0000,0x0000,0x0004,0x0000,0x0000,
 0x0000,0x0000,0x0000,0x0000,0x0000,0x0000,0x0000,0x0000,0x0000,0x0000,0x0000,0x0000,
 0x0000,0x0000,0x0000,0x0000,0x0000,0x0000,0x0000,0x0000,0x0000,0x0000,0x0000,0x0000,
 0x0000,0x1000,0x0000,0x0000,0x0000,0x0000,0x0000,0x0000,0x0000,0x0000,0x0000,0x0000,
 0x0000,0x0000,0x0000,0x0400,0x0000,0x0000,0x0000,0x0000,0x0000,0x0000,0x0000,0x0000,
 0x0000,0x0000,0x0000,0x0000,0x0000,0x0000,0x0000,0x0000,0x0000,0x0000,0x0000,0x0000,
 0x0000,0x0000,0x0000,0x0000,0x0000,0x0000,0x0000,0x0000,0x0000,0x0000,0x0000,0x0000,
 0x0000,0x0000,0x0000,0x0000,0x0000,0x0000,0x0000,0x0000,0x0000,0x0000,0x0000,0x0000,
 0x0000,0x0000,0x1000,0x0000,0x0000,0x0000,0x0000,0x0000,0x0000,0x0000,0x0000,0x0000,
 0x0000,0x0000,0x0000,0x0000,0x0000,0x0000,0x0000,0x0000,0x0000,0x0000,0x0000,0x0000,
 0x0000,0x0000,0x0000,0x0000,0x0000,0x0040,0x0000,0x0000,0x0000,0x0000,0x0000,0x0000,
 0x0000,0x0000,0x0000,0x0000,0x0000,0x0000,0x0000,0x0000,0x0000,0x0000,0x0000,0x0000,
 0x0000,0x0000,0x0040,0x0000,0x0000,0x0000,0x0000,0x0000,0x0000,0x0000,0x0000,0x0000,
 0x0000,0x0000,0x0000,0x0000,0x0000,0x0000,0x0000,0x0000,0x0000,0x0000,0x0000,0x0000,
 0x0000,0x0000,0x0000,0x0000,0x0000,0x0000,0x0000,0x0000,0x0000,0x0000,0x0000,0x0000,
 0x0000,0x0000,0x0000,0x0000,0x0000,0x0000,0x0000,0x0000,0x0000,0x0000,0x0000,0x0000,
 0x0000,0x0000,0x0000,0x0000,0x0000,0x0000,0x0000,0x0000,0x0000,0x0000,0x0000,0x0000,
 0x0000,0x0000,0x0000,0x0000,0x0000,0x0000,0x0000,0x0000,0x0000,0x0000,0x0000,0x0000,
 0x0000,0x0000,0x0000,0x0000,0x0000,0x0000,0x0000,0x0000,0x0000,0x0000,0x0000,0x0000,
 0x0000,0x0000,0x0000,0x0000,0x0000,0x0000,0x0000,0x0000,0x0000,0x0000,0x0000,0x0000,
 0x0000,0x0000,0x0000,0x0000,0x0000,0x0000,0x0000,0x0000,0x0000,0x0000,0x0000,0x0000,
 0x0000,0x0000,0x0000,0x0000,0x0000,0x0000,0x0000,0x0000,0x0000,0x0000,0x0000,0x0000,
 0x0000,0x0000,0x0000,0x0000,0x0000,0x0000,0x0000,0x0000,0x0000,0x0000,0x0000,0x0000,
 0x0000,0x0000,0x0000,0x0000,0x0000,0x0000,0x0000,0x0000,0x0000,0x0000,0x0000,0x0000,
 0x0000,0x0000,0x0000,0x0000,0x0000,0x0000,0x0000,0x0000,0x0000,0x0000,0x0000,0x0000,
 0x0000,0x0000,0x0000,0x0000,0x0000,0x0000,0x0000,0x0000,0x0000,0x0000,0x0000,0x0000,
 0x0000,0x0000,0x0000,0x0000,0x0000,0x0000,0x0000,0x0000,0x0000,0x0000,0x0000,0x0000,
 0x0000,0x0000,0x0000,0x0000,0x0000,0x0000,0x0000,0x0000,0x0000,0x0000,0x0000,0x0000,
 0x0000,0x0000,0x0000,0x0000,0x0000,0x0000,0x0000,0x0000,0x0000,0x0000,0x0000,0x0000,
 0x0000,0x0000,0x0000,0x0000,0x0000,0x0000,0x0000,0x0000,0x0000,0x0000,0x0000,0x0000,
 0x0000,0x0000,0x0000,0x0000,0x0000,0x0000,0x0000,0x0000,0x0000,0x0000,0x0000,0x0000,
 0x0000,0x0000,0x0000,0x0000,0x0000,0x0000,0x0000,0x0000,0x0000,0x0000,0x0000,0x0000,
 0x0000,0x0000,0x0000,0x0000,0x0000,0x0000,0x0000,0x0000,0x0000,0x0000,0x0000,0x0000,
 0x4000,0x0000,0x0000,0x0000,0x0000,0x0000,0x0000,0x0000,0x0000,0x0000,0x0000,0x0000,
 0x0000,0x0000,0x0000,0x0000,0x0000,0x0000,0x0000,0x0000,0x0000,0x0000,0x0000,0x0000,
 0x0000,0x0000,0x0000,0x0000,0x0000,0x0000,0x0000,0x0000,0x0000,0x0000,0x0000,0x0000,
 0x0000,0x0000,0x0000,0x0000,0x0000,0x0000,0x0000,0x0000,0x0000,0x0000,0x0000,0x0000,
 0x0000,0x0000,0x0000,0x0000,0x0000,0x0000,0x0000,0x0000,0x0004,0x0000,0x0000,0x0000,
 0x0000,0x0000,0x0000,0x0000,0x0000,0x0000,0x0000,0x0000,0x0000,0x0000,0x0000,0x0010,
 0x0000,0x0000,0x0000,0x0000,0x0000,0x0000,0x0000,0x0000,0x0000,0x0000,0x0000,0x0000,
 0x0000,0x0000,0x0000,0x0000,0x0000,0x0000,0x0000,0x0000,0x0000,0x0000,0x0000,0x0000,
 0x0000,0x0000,0x0000,0x0000,0x0000,0x0000,0x0000,0x0000,0x0000,0x0000,0x0000,0x0000,
 0x0000,0x0000,0x0000,0x0000,0x0000,0x0000,0x0000,0x0000,0x0000,0x0000,0x0000,0x0000,
 0x0000,0x0000,0x0000,0x0000,0x0000,0x0004,0x0000,0x0000,0x0000,0x0000,0x0000,0x0000,
 0x0000,0x0000,0x0000,0x0000,0x0000,0x0000,0x0000,0x0000,0x0000,0x0000,0x0000,0x0000,
 0x0000,0x0000,0x0000,0x0000,0x0000,0x0000,0x0000,0x0000,0x0000,0x1000,0x0000,0x0000,
 0x0000,0x0000,0x0000,0x0000,0x0000,0x0000,0x0000,0x0000,0x0000,0x0000,0x0000,0x0400,
 0x0000,0x0000,0x0000,0x0000,0x0000,0x0000,0x0000,0x0000,0x0000,0x0000,0x0000,0x0000,
 0x0000,0x0000,0x0000,0x0000,0x0000,0x0000,0x0000,0x0000,0x0000,0x0000,0x0000,0x0000,
 0x0000,0x0000,0x0000,0x0000,0x0000,0x0000,0x0000,0x0000,0x0000,0x0000,0x0000,0x0000,
 0x0000,0x0000,0x0000,0x0000,0x0000,0x0000,0x0000,0x0000,0x0000,0x0000,0x1000,0x0000,
 0x0000,0x0000,0x0000,0x0000,0x0000,0x0000,0x0000,0x0000,0x0000,0x0000,0x0000,0x0000,
 0x0000,0x0000,0x0000,0x0000,0x0000,0x0000,0x0000,0x0000,0x0000,0x0000,0x0000,0x0000,
 0x0000,0x0040,0x0000,0x0000,0x0000,0x0000,0x0000,0x0000,0x0000,0x0000,0x0000,0x0000,
 0x0000,0x0000,0x0000,0x0000,0x0000,0x0000,0x0000,0x0000,0x0000,0x0000,0x0040,0x0000,
 0x0000,0x0000,0x0000,0x0000,0x0000,0x0000,0x0000,0x0000,0x0000,0x0000,0x0000,0x0000,
 0x0000,0x0000,0x0000,0x0000,0x0000,0x0000,0x0000,0x0000,0x0000,0x0000,0x0000,0x0000,
 0x0000,0x0000,0x0000,0x0000,0x0000,0x0000,0x0000,0x0000,0x0000,0x0000,0x0000,0x0000,
 0x0000,0x0000,0x0000,0x0000,0x0000,0x0000,0x0000,0x0000,0x0000,0x0000,0x0000,0x0000,
 0x0000,0x0000,0x0000,0x0000,0x0000,0x0000,0x0000,0x0000,0x0000,0x0000,0x0000,0x0000,
 0x0000,0x0000,0x0000,0x0000,0x0000,0x0000,0x0000,0x0000,0x0000,0x0000,0x0000,0x0000,
 0x0000,0x0000,0x0000,0x0000,0x0000,0x0000,0x0000,0x0000,0x0000,0x0000,0x0000,0x0000,
 0x0000,0x0000,0x0000,0x0000,0x0000,0x0000,0x0000,0x0000,0x0000,0x0000,0x0000,0x0000,
 0x0000,0x0000,0x0000,0x0000,0x0000,0x0000,0x0000,0x0000,0x0000,0x0000,0x0000,0x0000,
 0x0000,0x0000,0x0000,0x0000,0x0000,0x0000,0x0000,0x0000,0x0000,0x0000,0x0000,0x0000,
 0x0000,0x0000,0x0000,0x0000,0x0000,0x0000,0x0000,0x0000,0x0000,0x0000,0x0000,0x0000,
 0x0000,0x0000,0x0000,0x0000,0x0000,0x0000,0x0000,0x0000,0x0000,0x0000,0x0000,0x0000,
 0x0000,0x0000,0x0000,0x0000,0x0000,0x0000,0x0000,0x0000,0x0000,0x0000,0x0000,0x0000,
 0x0000,0x0000,0x0000,0x0000,0x0000,0x0000,0x0000,0x0000,0x0000,0x0000,0x0000,0x0000,
 0x0000,0x0000,0x0000,0x0000,0x0000,0x0000,0x0000,0x0000,0x0000,0x0000,0x0000,0x0000,
 0x0000,0x0000,0x0000,0x0000,0x0000,0x0000,0x0000,0x0000,0x0000,0x0000,0x0000,0x0000,
 0x0000,0x0000,0x0000,0x0000,0x0000,0x0000,0x0000,0x0000,0x0000,0x0000,0x0000,0x0000,
 0x0000,0x0000,0x0000,0x0000,0x0000,0x0000,0x0000,0x0000,0x0000,0x0000,0x0000,0x0000,
 0x0000,0x0000,0x0000,0x0000,0x0000,0x0000,0x0000,0x0000,0x0000,0x0000,0x0000,0x0000,
 0x0000,0x0000,0x0000,0x0000,0x0000,0x0000,0x0000,0x0000,0x0000,0x0000,0x0000,0x0000,
 0x0000,0x0000,0x0000,0x0000,0x0000,0x0000,0x0000,0x0000,0x0000,0x0000,0x0000,0x0000,
 0x0000,0x0000,0x0000,0x0000,0x0000,0x0000,0x0000,0x0000,0x0000,0x0000,0x0000,0x0000,
 0x0000,0x0000,0x0000,0x0000,0x0000,0x0000,0x0000,0x0000,0x0000,0x0000,0x0000,0x0000,
 0x0000,0x0000,0x0000,0x0000,0x0000,0x0000,0x0000,0x0000,0x0000,0x0000,0x0000,0x0000,
 0x0000,0x0000,0x0000,0x0000,0x0000,0x0000,0x0000,0x0000,0x0000,0x0000,0x0000,0x0000,
 0x0000,0x0000,0x0000,0x0000,0x0000,0x0000,0x0000,0x0000,0x0000,0x0000,0x0000,0x0000,
 0x0000,0x0000,0x0000,0x0000,0x0000,0x0000,0x0000,0x0000,0x0000,0x0000,0x0000,0x0000,
 0x0000,0x0000,0x0000,0x0000,0x0000,0x0000,0x0000,0x0000,0x0000,0x0000,0x0000,0x0000,
 0x0000,0x0000,0x0000,0x0000,0x0000,0x0000,0x0000,0x0000,0x0000,0x0000,0x0000,0x0000,
 0x0000,0x0000,0x0000,0x0000,0x0000,0x0000,0x0000,0x0000,0x0000,0x0000,0x0000,0x0000,
 0x0000,0x0000,0x0000,0x0000,0x0000,0x0000,0x0000,0x0000,0x0000,0x0000,0x0000,0x0000,
 0x0000,0x0000,0x0000,0x0000,0x0000,0x0000,0x0000,0x0000,0x0000,0x0000,0x0000,0x0000,
 0x0000,0x0000,0x0000,0x0000,0x0000,0x0000,0x0000,0x0000,0x0000,0x0000,0x0000,0x0000,
 0x0000,0x0000,0x0000,0x0000,0x0000,0x0000,0x0000,0x0000,0x0000,0x0000,0x0000,0x0000,
 0x0000,0x0000,0x0000,0x0000,0x0000,0x0000,0x0000,0x0000,0x0000,0x0000,0x0000,0x0000,
 0x0000,0x0000,0x0000,0x0000,0x0000,0x0000,0x0000,0x0000,0x0000,0x0000,0x0000,0x0000,
 0x0000,0x0000,0x0000,0x0000,0x0000,0x0000,0x0000,0x0000,0x0000,0x0000,0x0000,0x0000,
 0x0000,0x0000,0x0000,0x0000,0x0000,0x0000,0x0000,0x0000,0x0000,0x0000,0x0000,0x0000,
 0x0000,0x0000,0x0000,0x0000,0x0000,0x0000,0x0000,0x0000,0x0000,0x0000,0x0000,0x0000,
 0x0000,0x0000,0x0000,0x0000,0x0000,0x0000,0x0000,0x0000,0x0000,0x0000,0x0000,0x0000,
 0x0000,0x0000,0x0000,0x0000,0x0000,0x0000,0x0000,0x0000,0x0000,0x0000,0x0000,0x0000,
 0x0000,0x0000,0x0000,0x0000,0x0000,0x0000,0x0000,0x0000,0x0000,0x0000,0x0000,0x0000,
 0x0000,0x0000,0x0000,0x0000,0x0000,0x0000,0x0000,0x0000,0x0000,0x0000,0x0000,0x0000,
 0x0000,0x0000,0x0000,0x0000,0x0000,0x0000,0x0000,0x0000,0x0000,0x0000,0x0000,0x0000,
 0x0000,0x0000,0x0000,0x0000,0x0000,0x0000,0x0000,0x0000,0x0000,0x0000,0x0000,0x0000,
 0x0000,0x0000,0x0000,0x0000,0x0000,0x0000,0x0000,0x0000,0x0000,0x0000,0x0000,0x0000,
 0x0000,0x0000,0x0000,0x0000,0x0000,0x0000,0x0000,0x0000,0x0000,0x0000,0x0000,0x0000,
 0x0000,0x0000,0x0000,0x0000,0x0000,0x0000,0x0000,0x0000,0x0000,0x0000,0x0000,0x0000,
 0x0000,0x0000,0x0000,0x0000,0x0000,0x0000,0x0000,0x0000,0x0000,0x0000,0x0000,0x0000,
 0x0000,0x0000,0x0000,0x0000,0x0000,0x0000,0x0000,0x0000,0x0000,0x0000,0x0000,0x0000,
 0x0000,0x0000,0x0000,0x0000,0x0000,0x0000,0x0000,0x0000,0x0000,0x0000,0x0000,0x0000,
 0x0000,0x0000,0x0000,0x0000,0x0000,0x0000,0x0000,0x0000,0x0000,0x0000,0x0000,0x0000,
 0x0000,0x0000,0x0000,0x0000,0x0000,0x0000,0x0000,0x0000,0x0000,0x0000,0x0000,0x0000,
 0x0000,0x0000,0x0000,0x0000,0x0000,0x0000,0x0000,0x0000,0x0000,0x0000,0x0000,0x0000,
 0x0000,0x0000,0x0000,0x0000,0x0000,0x0000,0x0000,0x0000,0x0000,0x0000,0x0000,0x0000,
 0x0000,0x0000,0x0000,0x0000,0x0000,0x0000,0x0000,0x0000,0x0000,0x0000,0x0000,0x0000,
 0x0000,0x0000,0x0000,0x0000,0x0000,0x0000,0x0000,0x0000,0x0000,0x0000,0x0000,0x0000,
 0x0000,0x0000,0x0000,0x0000,0x0000,0x0000,0x0000,0x0000,0x0000,0x0000,0x0000,0x0000,
 0x0000,0x0000,0x0000,0x0000,0x0000,0x0000,0x0000,0x0000,0x0000,0x0000,0x0000,0x0000,
 0x0000,0x0000,0x0000,0x0000,0x0000,0x0000,0x0000,0x0000,0x0000,0x0000,0x0000,0x0000,
 0x0000,0x0000,0x0000,0x0000,0x0000,0x0000,0x0000,0x0000,0x0000,0x0000,0x0000,0x0000,
 0x0000,0x0000,0x0000,0x0000,0x0000,0x0000,0x0000,0x0000,0x0000,0x0000,0x0000,0x0000,
 0x0000,0x0000,0x0000,0x0000,0x0000,0x0000,0x0000,0x0000,0x0000,0x0000,0x0000,0x0000,
 0x0000,0x0000,0x0000,0x0000,0x0000,0x0000,0x0000,0x0000,0x0000,0x0000,0x0000,0x0000,
 0x0000,0x0000,0x0000,0x0000,0x0000,0x0000,0x0000,0x0000,0x0000,0x0000,0x0000,0x0000,
 0x0000,0x0000,0x0000,0x0000,0x0000,0x0000,0x0000,0x0000,0x0000,0x0000,0x0000,0x0000,
 0x0000,0x0000,0x0000,0x0000,0x0000,0x0000,0x0000,0x0000,0x0000,0x0000,0x0000,0x0000,
 0x0000,0x0000,0x0000,0x0000,0x0000,0x0000,0x0000,0x0000,0x0000,0x0000,0x0000,0x0000,
 0x0000,0x0000,0x0000,0x0000,0x0000,0x0000,0x0000,0x0000,0x0000,0x0000,0x0000,0x0000,
 0x0000,0x0000,0x0000,0x0000,0x0000,0x0000,0x0000,0x0000,0x0000,0x0000,0x0000,0x0000,
 0x0000,0x0000,0x0000,0x0000,0x0000,0x0000,0x0000,0x0000,0x0000,0x0000,0x0000,0x0000,
 0x0000,0x0000,0x0000,0x0000,0x0000,0x0000,0x0000,0x0000,0x0000,0x0000,0x0000,0x0000,
 0x0000,0x0000,0x0000,0x0000,0x0000,0x0000,0x0000,0x0000,0x0000,0x0000,0x0000,0x0000,
 0x0000,0x0000,0x0000,0x0000,0x0000,0x0000,0x0000,0x0000,0x0000,0x0000,0x0000,0x0000,
 0x0000,0x0000,0x0000,0x0000,0x0000,0x0000,0x0000,0x0000,0x0000,0x0000,0x0000,0x0000,
 0x0000,0x0000,0x0000,0x0000,0x0000,0x0000,0x0000,0x0000,0x0000,0x0000,0x0000,0x0000,
 0x0000,0x0000,0x0000,0x0000,0x0000,0x0000,0x0000,0x0000,0x0000,0x0000,0x0000,0x0000,
 0x0000,0x0000,0x0000,0x0000,0x0000,0x0000,0x0000,0x0000,0x0000,0x0000,0x0000,0x0000,
 0x0000,0x0000,0x0000,0x0000,0x0000,0x0000,0x0000,0x0000,0x0000,0x0000,0x0000,0x0000,
 0x0000,0x0000,0x0000,0x0000,0x0000,0x0000,0x0000,0x0000,0x0000,0x0000,0x0000,0x0000,
 0x0000,0x0000,0x0000,0x0000,0x0000,0x0000,0x0000,0x0000,0x0000,0x0000,0x0000,0x0000,
 0x0000,0x0000,0x0000,0x0000,0x0000,0x0000,0x0000,0x0000,0x0000,0x0000,0x0000,0x0000,
 0x0000,0x0000,0x0000,0x0000,0x0000,0x0000,0x0000,0x0000,0x0000,0x0000,0x0000,0x0000,
 0x0000,0x0000,0x0000,0x0000,0x0000,0x0000,0x0000,0x0000,0x0000,0x0000,0x0000,0x0000,
 0x0000,0x0000,0x0000,0x0000,0x0000,0x0000,0x0000,0x0000,0x0000,0x0000,0x0000,0x0000,
 0x0000,0x0000,0x0000,0x0000,0x0000,0x0000,0x0000,0x0000,0x0000,0x0000,0x0000,0x0000,
 0x0000,0x0000,0x0000,0x0000,0x0000,0x0000,0x0000,0x0000,0x0000,0x0000,0x0000,0x0000,
 0x0000,0x0000,0x0000,0x0000,0x0000,0x0000,0x0000,0x0000,0x0000,0x0000,0x0000,0x0000,
 0x0000,0x0000,0x0000,0x0000,0x0000,0x0000,0x0000,0x0000,0x0000,0x0000,0x0000,0x0000,
 0x0000,0x0000,0x0000,0x0000,0x0000,0x0000,0x0000,0x0000,0x0000,0x0000,0x0000,0x0000,
 0x0000,0x0000,0x0000,0x0000,0x0000,0x0000,0x0000,0x0000,0x0000,0x0000,0x0000,0x0000,
 0x0000,0x0000,0x0000,0x0000,0x0000,0x0000,0x0000,0x0000,0x0000,0x0000,0x0000,0x0000,
 0x0000,0x0000,0x0000,0x0000,0x0000,0x0000,0x0000,0x0000,0x0000,0x0000,0x0000,0x0000,
 0x0000,0x0000,0x0000,0x0000,0x0000,0x0000,0x0000,0x0000,0x0000,0x0000,0x0000,0x0000,
 0x0000,0x0000,0x0000,0x0000,0x0000,0x0000,0x0000,0x0000,0x0000,0x0000,0x0000,0x0000,
 0x0000,0x0000,0x0000,0x0000,0x0000,0x0000,0x0000,0x0000,0x0000,0x0000,0x0000,0x0000,
 0x0000,0x0000,0x0000,0x0000,0x0000,0x0000,0x0000,0x0000,0x0000,0x0000,0x0000,0x0000,
 0x0000,0x0000,0x0000,0x0000,0x0000,0x0000,0x0000,0x0000,0x0000,0x0000,0x0000,0x0000,
 0x0000,0x0000,0x0000,0x0000,0x0000,0x0000,0x0000,0x0000,0x0000,0x0000,0x0000,0x0000,
 0x0000,0x0000,0x0000,0x0000,0x0000,0x0000,0x0000,0x0000,0x0000,0x0000,0x0000,0x0000,
 0x0000,0x0000,0x0000,0x0000,0x0000,0x0000,0x0000,0x0000,0x0000,0x0000,0x0000,0x0000,
 0x0000,0x0000,0x0000,0x0000,0x0000,0x0000,0x0000,0x0000,0x0000,0x0000,0x0000,0x0000,
 0x0000,0x0000,0x0000,0x0000,0x0000,0x0000,0x0000,0x0000,0x0000,0x0000,0x0000,0x0000,
 0x0000,0x0000,0x0000,0x0000,0x0000,0x0000,0x0000,0x0000,0x0000,0x0000,0x0000,0x0000,
 0x0000,0x0000,0x0000,0x0000,0x0000,0x0000,0x0000,0x0000,0x0000,0x0000,0x0000,0x0000,
 0x0000,0x0000,0x0000,0x0000,0x0000,0x0000,0x0000,0x0000,0x0000,0x0000,0x0000,0x0000,
 0x0040,0x0000,0x0000,0x0000,0x0000,0x0000,0x0000,0x0000,0x0000,0x0000,0x0000,0x0000,
 0x0000,0x0000,0x0000,0x0000,0x0000,0x0000,0x0000,0x0000,0x0000,0x0000,0x0000,0x0000,
 0x0000,0x0000,0x0000,0x0000,0x0000,0x0000,0x0000,0x0000,0x0000,0x0000,0x0000,0x0000,
 0x0000,0x0000,0x0000,0x0000,0x0000,0x0000,0x0000,0x0000,0x0000,0x0000,0x0000,0x0000,
 0x0000,0x0000,0x0000,0x0000,0x0000,0x0000,0x0000,0x0000,0x0000,0x0000,0x0000,0x0000,
 0x0000,0x0000,0x0000,0x0000,0x0000,0x0000,0x0000,0x0000,0x0000,0x0000,0x0000,0x0000,
 0x0000,0x4000,0x0000,0x0000,0x0000,0x0000,0x0000,0x0000,0x0000,0x0000,0x0000,0x0000,
 0x0000,0x0000,0x0000,0x0010,0x0000,0x0000,0x0000,0x0000,0x0000,0x0000,0x0000,0x0000,
 0x0000,0x0000,0x0000,0x0000,0x0000,0x0000,0x0000,0x0000,0x0000,0x0000,0x0000,0x0000,
 0x0000,0x0000,0x0000,0x0000,0x0000,0x0000,0x0000,0x0000,0x0000,0x0000,0x0000,0x0000,
 0x0000,0x0000,0x0000,0x0000,0x0000,0x0000,0x0000,0x0000,0x0000,0x0000,0x0000,0x0000,
 0x0000,0x0000,0x0000,0x0000,0x0000,0x0000,0x0000,0x0000,0x0000,0x0000,0x0000,0x0000,
 0x0000,0x0000,0x0000,0x0000,0x0000,0x0000,0x0000,0x0000,0x0000,0x0000,0x0000,0x0000,
 0x0000,0x0100,0x0000,0x0000,0x0000,0x0000,0x0000,0x0000,0x0000,0x0000,0x0000,0x0000,
 0x0000,0x0000,0x0000,0x0000,0x0000,0x0000,0x0000,0x0000,0x0000,0x0000,0x0000,0x0000,
 0x0000,0x0000,0x0000,0x0000,0x0000,0x0000,0x0000,0x0000,0x0000,0x0000,0x0000,0x0000,
 0x0000,0x0080,0x0000,0x0000,0x0000,0x0000,0x0000,0x0000,0x0000,0x0000,0x0000,0x0000,
 0x0000,0x0000,0x0000,0x0800,0x0000,0x0000,0x0000,0x0000,0x0000,0x0000,0x0000,0x0000,
 0x0000,0x0000,0x0000,0x0000,0x0000,0x0000,0x0000,0x0000,0x0000,0x0000,0x0000,0x0000,
 0x0000,0x0000,0x0000,0x0000,0x0000,0x0000,0x0000,0x0000,0x0000,0x0000,0x0000,0x0000,
 0x0000,0x0000,0x0000,0x0000,0x0000,0x0000,0x0000,0x0000,0x0000,0x0000,0x0000,0x0000,
 0x0000,0x0000,0x0000,0x0000,0x0000,0x0000,0x0000,0x0000,0x0000,0x0000,0x0000,0x0000,
 0x0000,0x0000,0x0000,0x0000,0x0000,0x0002,0x0000,0x0000,0x0000,0x0000,0x0000,0x0000,
 0x0000,0x0000,0x0000,0x0000,0x0000,0x0000,0x0000,0x0000,0x0000,0x0000,0x0000,0x0000,
 0x0000,0x0000,0x0000,0x0000,0x0000,0x0000,0x0000,0x0000,0x0000,0x0000,0x0000,0x0000,
 0x0000,0x0000,0x0004,0x0000,0x0000,0x0000,0x0000,0x0000,0x0000,0x0000,0x0000,0x0000,
 0x0000,0x0000,0x0000,0x0000,0x0000,0x0000,0x0000,0x0000,0x0000,0x0000,0x0000,0x0000,
 0x0000,0x0000,0x0000,0x0000,0x0000,0x0000,0x0000,0x0000,0x0000,0x0000,0x0000,0x0000,
 0x0000,0x0000,0x0000,0x0000,0x0000,0x0000,0x0000,0x0000,0x0000,0x0000,0x0000,0x0000,
 0x0000,0x0000,0x0000,0x0000,0x0000,0x0000,0x0000,0x0000,0x0000,0x0000,0x0000,0x0000,
 0x0000,0x0000,0x0000,0x0000,0x0000,0x0000,0x0000,0x0000,0x0000,0x0000,0x0000,0x0000,
 0x0000,0x0000,0x0000,0x0000,0x0000,0x0000,0x0000,0x0000,0x0000,0x0000,0x0000,0x0000,
 0x0000,0x0000,0x0000,0x0000,0x0000,0x0000,0x0000,0x0000,0x0000,0x0000,0x0000,0x0000,
 0x0000,0x0000,0x0000,0x0000,0x0000,0x0000,0x0000,0x0000,0x0000,0x0000,0x0000,0x0000,
 0x0000,0x0000,0x0000,0x0000,0x0000,0x0000,0x0000,0x0000,0x0000,0x0000,0x0000,0x0000,
 0x0000,0x0000,0x0000,0x0000,0x0000,0x0000,0x0000,0x0000,0x0000,0x0000,0x0000,0x0000,
 0x0000,0x0000,0x0000,0x0000,0x0000,0x0000,0x0000,0x0000,0x0000,0x0000,0x0000,0x0000,
 0x0000,0x0000,0x0000,0x0000,0x0000,0x0000,0x0000,0x0000,0x0000,0x0000,0x0000,0x0000,
 0x0000,0x0000,0x0000,0x0000,0x0000,0x0000,0x0000,0x0000,0x0000,0x0000,0x0000,0x0000,
 0x0000,0x0000,0x0000,0x0000,0x0000,0x0000,0x0000,0x0000,0x0000,0x0000,0x0000,0x0000,
 0x0000,0x0000,0x0000,0x0000,0x0000,0x0000,0x0000,0x0000,0x0000,0x0000,0x0000,0x0000,
 0x0000,0x0000,0x0000,0x0000,0x0000,0x0000,0x0000,0x0000,0x0000,0x0000,0x0000,0x0000,
 0x0000,0x0000,0x0000,0x0000,0x0000,0x0000,0x0000,0x0000,0x0040,0x0000,0x0000,0x0000,
 0x0000,0x0000,0x0000,0x0000,0x0000,0x0000,0x0000,0x0000,0x0000,0x0000,0x0000,0x0000,
 0x0000,0x0000,0x0000,0x0000,0x0000,0x0000,0x0000,0x0000,0x0000,0x0000,0x0000,0x0000,
 0x0000,0x0000,0x0000,0x0000,0x0000,0x0000,0x0000,0x0000,0x0000,0x0000,0x0000,0x0000,
 0x0000,0x0000,0x0000,0x0000,0x0000,0x0000,0x0000,0x0000,0x0000,0x0000,0x0000,0x0000,
 0x0000,0x0000,0x0000,0x0000,0x0000,0x0000,0x0000,0x0000,0x0000,0x0000,0x0000,0x0000,
 0x0000,0x0000,0x0000,0x0000,0x0000,0x0000,0x0000,0x0000,0x0000,0x4000,0x0000,0x0000,
 0x0000,0x0000,0x0000,0x0000,0x0000,0x0000,0x0000,0x0000,0x0000,0x0000,0x0000,0x0010,
 0x0000,0x0000,0x0000,0x0000,0x0000,0x0000,0x0000,0x0000,0x0000,0x0000,0x0000,0x0000,
 0x0000,0x0000,0x0000,0x0000,0x0000,0x0000,0x0000,0x0000,0x0000,0x0000,0x0000,0x0000,
 0x0000,0x0000,0x0000,0x0000,0x0000,0x0000,0x0000,0x0000,0x0000,0x0000,0x0000,0x0000,
 0x0000,0x0000,0x0000,0x0000,0x0000,0x0000,0x0000,0x0000,0x0000,0x0000,0x0000,0x0000,
 0x0000,0x0000,0x0000,0x0000,0x0000,0x0000,0x0000,0x0000,0x0000,0x0000,0x0000,0x0000,
 0x0000,0x0000,0x0000,0x0000,0x0000,0x0000,0x0000,0x0000,0x0000,0x0100,0x0000,0x0000,
 0x0000,0x0000,0x0000,0x0000,0x0000,0x0000,0x0000,0x0000,0x0000,0x0000,0x0000,0x0000,
 0x0000,0x0000,0x0000,0x0000,0x0000,0x0000,0x0000,0x0000,0x0000,0x0000,0x0000,0x0000,
 0x0000,0x0000,0x0000,0x0000,0x0000,0x0000,0x0000,0x0000,0x0000,0x0080,0x0000,0x0000,
 0x0000,0x0000,0x0000,0x0000,0x0000,0x0000,0x0000,0x0000,0x0000,0x0000,0x0000,0x0800,
 0x0000,0x0000,0x0000,0x0000,0x0000,0x0000,0x0000,0x0000,0x0000,0x0000,0x0000,0x0000,
 0x0000,0x0000,0x0000,0x0000,0x0000,0x0000,0x0000,0x0000,0x0000,0x0000,0x0000,0x0000,
 0x0000,0x0000,0x0000,0x0000,0x0000,0x0000,0x0000,0x0000,0x0000,0x0000,0x0000,0x0000,
 0x0000,0x0000,0x0000,0x0000,0x0000,0x0000,0x0000,0x0000,0x0000,0x0000,0x0000,0x0000,
 0x0000,0x0000,0x0000,0x0000,0x0000,0x0000,0x0000,0x0000,0x0000,0x0000,0x0000,0x0000,
 0x0000,0x0002,0x0000,0x0000,0x0000,0x0000,0x0000,0x0000,0x0000,0x0000,0x0000,0x0000,
 0x0000,0x0000,0x0000,0x0000,0x0000,0x0000,0x0000,0x0000,0x0000,0x0000,0x0000,0x0000,
 0x0000,0x0000,0x0000,0x0000,0x0000,0x0000,0x0000,0x0000,0x0000,0x0000,0x0004,0x0000,
 0x0000,0x0000,0x0000,0x0000,0x0000,0x0000,0x0000,0x0000,0x0000,0x0000,0x0000,0x0000,
 0x0000,0x0000,0x0000,0x0000,0x0000,0x0000,0x0000,0x0000,0x0000,0x0000,0x0000,0x0000,
 0x0000,0x0000,0x0000,0x0000,0x0000,0x0000,0x0000,0x0000,0x0000,0x0000,0x0000,0x0000,
 0x0000,0x0000,0x0000,0x0000,0x0000,0x0000,0x0000,0x0000,0x0000,0x0000,0x0000,0x0000,
 0x0000,0x0000,0x0000,0x0000,0x0000,0x0000,0x0000,0x0000,0x0000,0x0000,0x0000,0x0000,
 0x0000,0x0000,0x0000,0x0000,0x0000,0x0000,0x0000,0x0000,0x0000,0x0000,0x0000,0x0000,
 0x0000,0x0000,0x0000,0x0000,0x0000,0x0000,0x0000,0x0000,0x0000,0x0000,0x0000,0x0000,
 0x0000,0x0000,0x0000,0x0000,0x0000,0x0000,0x0000,0x0000,0x0000,0x0000,0x0000,0x0000,
 0x0000,0x0000,0x0000,0x0000,0x0000,0x0000,0x0000,0x0000,0x0000,0x0000,0x0000,0x0000,
 0x0000,0x0000,0x0000,0x0000,0x0000,0x0000,0x0000,0x0000,0x0000,0x0000,0x0000,0x0000,
 0x0000,0x0000,0x0000,0x0000,0x0000,0x0000,0x0000,0x0000,0x0000,0x0000,0x0000,0x0000,
 0x0000,0x0000,0x0000,0x0000,0x0000,0x0000,0x0000,0x0000,0x0000,0x0000,0x0000,0x0000,
 0x0000,0x0000,0x0000,0x0000,0x0000,0x0000,0x0000,0x0000,0x0000,0x0000,0x0000,0x0000,
 0x0000,0x0000,0x0000,0x0000,0x0000,0x0000,0x0000,0x0000,0x0000,0x0000,0x0000,0x0000,
 0x0000,0x0000,0x0000,0x0000,0x0000,0x0000,0x0000,0x0000,0x0000,0x0000,0x0000,0x0000,
 0x0000,0x0000,0x0000,0x0000,0x0000,0x0000,0x0000,0x0000,0x0000,0x0000,0x0000,0x0000,
 0x0000,0x0000,0x0000,0x0000,0x0000,0x0000,0x0000,0x0000,0x0000,0x0000,0x0000,0x0000,
 0x0000,0x0000,0x0000,0x0000,0x0040,0x0000,0x0000,0x0000,0x0000,0x0000,0x0000,0x0000,
 0x0000,0x0000,0x0000,0x0000,0x0000,0x0000,0x0000,0x0000,0x0000,0x0000,0x0000,0x0000,
 0x0000,0x0000,0x0000,0x0000,0x0000,0x0000,0x0000,0x0000,0x0000,0x0000,0x0000,0x0000,
 0x0000,0x0000,0x0000,0x0000,0x0000,0x0000,0x0000,0x0000,0x0000,0x0000,0x0000,0x0000,
 0x0000,0x0000,0x0000,0x0000,0x0000,0x0000,0x0000,0x0000,0x0000,0x0000,0x0000,0x0000,
 0x0000,0x0000,0x0000,0x0000,0x0000,0x0000,0x0000,0x0000,0x0000,0x0000,0x0000,0x0000,
 0x0000,0x0000,0x0000,0x0000,0x0000,0x4000,0x0000,0x0000,0x0000,0x0000,0x0000,0x0000,
 0x0000,0x0000,0x0000,0x0000,0x0000,0x0000,0x0000,0x0010,0x0000,0x0000,0x0000,0x0000,
 0x0000,0x0000,0x0000,0x0000,0x0000,0x0000,0x0000,0x0000,0x0000,0x0000,0x0000,0x0000,
 0x0000,0x0000,0x0000,0x0000,0x0000,0x0000,0x0000,0x0000,0x0000,0x0000,0x0000,0x0000,
 0x0000,0x0000,0x0000,0x0000,0x0000,0x0000,0x0000,0x0000,0x0000,0x0000,0x0000,0x0000,
 0x0000,0x0000,0x0000,0x0000,0x0000,0x0000,0x0000,0x0000,0x0000,0x0000,0x0000,0x0000,
 0x0000,0x0000,0x0000,0x0000,0x0000,0x0000,0x0000,0x0000,0x0000,0x0000,0x0000,0x0000,
 0x0000,0x0000,0x0000,0x0000,0x0000,0x0100,0x0000,0x0000,0x0000,0x0000,0x0000,0x0000,
 0x0000,0x0000,0x0000,0x0000,0x0000,0x0000,0x0000,0x0000,0x0000,0x0000,0x0000,0x0000,
 0x0000,0x0000,0x0000,0x0000,0x0000,0x0000,0x0000,0x0000,0x0000,0x0000,0x0000,0x0000,
 0x0000,0x0000,0x0000,0x0000,0x0000,0x0080,0x0000,0x0000,0x0000,0x0000,0x0000,0x0000,
 0x0000,0x0000,0x0000,0x0000,0x0000,0x0000,0x0000,0x0800,0x0000,0x0000,0x0000,0x0000,
 0x0000,0x0000,0x0000,0x0000,0x0000,0x0000,0x0000,0x0000,0x0000,0x0000,0x0000,0x0000,
 0x0000,0x0000,0x0000,0x0000,0x0000,0x0000,0x0000,0x0000,0x0000,0x0000,0x0000,0x0000,
 0x0000,0x0000,0x0000,0x0000,0x0000,0x0000,0x0000,0x0000,0x0000,0x0000,0x0000,0x0000,
 0x0000,0x0000,0x0000,0x0000,0x0000,0x0000,0x0000,0x0000,0x0000,0x0000,0x0000,0x0000,
 0x0000,0x0000,0x0000,0x0000,0x0000,0x0000,0x0000,0x0000,0x0000,0x0002,0x0000,0x0000,
 0x0000,0x0000,0x0000,0x0000,0x0000,0x0000,0x0000,0x0000,0x0000,0x0000,0x0000,0x0000,
 0x0000,0x0000,0x0000,0x0000,0x0000,0x0000,0x0000,0x0000,0x0000,0x0000,0x0000,0x0000,
 0x0000,0x0000,0x0000,0x0000,0x0000,0x0000,0x0004,0x0000,0x0000,0x0000,0x0000,0x0000,
 0x0000,0x0000,0x0000,0x0000,0x0000,0x0000,0x0000,0x0000,0x0000,0x0000,0x0000,0x0000,
 0x0000,0x0000,0x0000,0x0000,0x0000,0x0000,0x0000,0x0000,0x0000,0x0000,0x0000,0x0000,
 0x0000,0x0000,0x0000,0x0000,0x0000,0x0000,0x0000,0x0000,0x0000,0x0000,0x0000,0x0000,
 0x0000,0x0000,0x0000,0x0000,0x0000,0x0000,0x0000,0x0000,0x0000,0x0000,0x0000,0x0000,
 0x0000,0x0000,0x0000,0x0000,0x0000,0x0000,0x0000,0x0000,0x0000,0x0000,0x0000,0x0000,
 0x0000,0x0000,0x0000,0x0000,0x0000,0x0000,0x0000,0x0000,0x0000,0x0000,0x0000,0x0000,
 0x0000,0x0000,0x0000,0x0000,0x0000,0x0000,0x0000,0x0000,0x0000,0x0000,0x0000,0x0000,
 0x0000,0x0000,0x0000,0x0000,0x0000,0x0000,0x0000,0x0000,0x0000,0x0000,0x0000,0x0000,
 0x0000,0x0000,0x0000,0x0000,0x0000,0x0000,0x0000,0x0000,0x0000,0x0000,0x0000,0x0000,
 0x0000,0x0000,0x0000,0x0000,0x0000,0x0000,0x0000,0x0000,0x0000,0x0000,0x0000,0x0000,
 0x0000,0x0000,0x0000,0x0000,0x0000,0x0000,0x0000,0x0000,0x0000,0x0000,0x0000,0x0000,
 0x0000,0x0000,0x0000,0x0000,0x0000,0x0000,0x0000,0x0000,0x0000,0x0000,0x0000,0x0000,
 0x0000,0x0000,0x0000,0x0000,0x0000,0x0000,0x0000,0x0000,0x0000,0x0000,0x0000,0x0000,
 0x0000,0x0000,0x0000,0x0000,0x0000,0x0000,0x0000,0x0000,0x0000,0x0000,0x0000,0x0000,
 0x0000,0x0000,0x0000,0x0000,0x0000,0x0000,0x0000,0x0000,0x0000,0x0000,0x0000,0x0000,
 0x0000,0x0000,0x0000,0x0000,0x0000,0x0000,0x0000,0x0000,0x0000,0x0000,0x0000,0x0000,
 0x0000,0x0000,0x0000,0x0000,0x0000,0x0000,0x0000,0x0000,0x0000,0x0000,0x0000,0x0000,
 0x0000,0x0000,0x0000,0x0000,0x0000,0x0000,0x0000,0x0000,0x0000,0x0000,0x0000,0x0000,
 0x0000,0x0000,0x0000,0x0000,0x0000,0x0000,0x0000,0x0000,0x0000,0x0000,0x0000,0x0000,
 0x0000,0x0000,0x0000,0x0000,0x0000,0x0000,0x0000,0x0000,0x0000,0x0000,0x0000,0x0000,
 0x0000,0x0000,0x0000,0x0000,0x0000,0x0000,0x0000,0x0000,0x0000,0x0000,0x0000,0x0000,
 0x0000,0x0000,0x0000,0x0000,0x0000,0x0000,0x0000,0x0000,0x0000,0x0000,0x0000,0x0000,
 0x0000,0x0000,0x0000,0x0000,0x0000,0x0000,0x0000,0x0000,0x0000,0x0000,0x0000,0x0000,
 0x0000,0x0000,0x0000,0x0000,0x0000,0x0000,0x0000,0x0000,0x0000,0x0000,0x0000,0x0000,
 0x0000,0x0000,0x0000,0x0000,0x0000,0x0000,0x0000,0x0000,0x0000,0x0000,0x0000,0x0000,
 0x0000,0x0000,0x0000,0x0000,0x0000,0x0000,0x0000,0x0000,0x0000,0x0000,0x0000,0x0000,
 0x0000,0x0000,0x0000,0x0000,0x0000,0x0000,0x0000,0x0000,0x0000,0x0000,0x0000,0x0000,
 0x0000,0x0000,0x0000,0x0000,0x0000,0x0000,0x0000,0x0000,0x0000,0x0000,0x0000,0x0000,
 0x0000,0x0000,0x0000,0x0000,0x0000,0x0000,0x0000,0x0000,0x0000,0x0000,0x0000,0x0000,
 0x0000,0x0000,0x0000,0x0000,0x0000,0x0000,0x0000,0x0000,0x0000,0x0000,0x0000,0x0000,
 0x0000,0x0000,0x0000,0x0000,0x0000,0x0000,0x0000,0x0000,0x0000,0x0000,0x0000,0x0000,
 0x0000,0x0000,0x0000,0x0000,0x0000,0x0000,0x0000,0x0000,0x0000,0x0000,0x0000,0x0000,
 0x0000,0x0000,0x0000,0x0000,0x0000,0x0000,0x0000,0x0000,0x0000,0x0000,0x0000,0x0000,
 0x0000,0x0000,0x0000,0x0000,0x0000,0x0000,0x0000,0x0000,0x0000,0x0000,0x0000,0x0000,
 0x0000,0x0000,0x0000,0x0000,0x0000,0x0000,0x0000,0x0000,0x0000,0x0000,0x0000,0x0000,
 0x0000,0x0000,0x0000,0x0000,0x0000,0x0000,0x0000,0x0000,0x0000,0x0000,0x0000,0x0000,
 0x0000,0x0000,0x0000,0x0000,0x0000,0x0000,0x0000,0x0000,0x0000,0x0000,0x0000,0x0000,
 0x0000,0x0000,0x0000,0x0000,0x0000,0x0000,0x0000,0x0000,0x0000,0x0000,0x0000,0x0000,
 0x0000,0x0000,0x0000,0x0000,0x0000,0x0000,0x0000,0x0000,0x0000,0x0000,0x0000,0x0000,
 0x0000,0x0000,0x0000,0x0000,0x0000,0x0000,0x0000,0x0000,0x0000,0x0000,0x0000,0x0000,
 0x0000,0x0000,0x0000,0x0000,0x0000,0x0000,0x0000,0x0000,0x0000,0x0000,0x0000,0x0000,
 0x0000,0x0000,0x0000,0x0000,0x0000,0x0000,0x0000,0x0000,0x0000,0x0000,0x0000,0x0000,
 0x0000,0x0000,0x0000,0x0000,0x0000,0x0000,0x0000,0x0000,0x0000,0x0000,0x0000,0x0000,
 0x0000,0x0000,0x0000,0x0000,0x0000,0x0000,0x0000,0x0000,0x0000,0x0000,0x0000,0x0000,
 0x0000,0x0000,0x0000,0x0000,0x0000,0x0000,0x0000,0x0000,0x0000,0x0000,0x0000,0x0000,
 0x0000,0x0000,0x0000,0x0000,0x0000,0x0000,0x0000,0x0000,0x0000,0x0000,0x0000,0x0000,
 0x0000,0x0000,0x0000,0x0000,0x0000,0x0000,0x0000,0x0000,0x0000,0x0000,0x0000,0x0000,
 0x0000,0x0000,0x0000,0x0000,0x0000,0x0000,0x0000,0x0000,0x0000,0x0000,0x0000,0x0000,
 0x0000,0x0000,0x0000,0x0000,0x0000,0x0000,0x0000,0x0000,0x0000,0x0000,0x0000,0x0000,
 0x0000,0x0000,0x0000,0x0000,0x0000,0x0000,0x0000,0x0000,0x0000,0x0000,0x0000,0x0000,
 0x0000,0x0000,0x0000,0x0000,0x0000,0x0000,0x0000,0x0000,0x0000,0x0000,0x0000,0x0000,
 0x0000,0x0000,0x0000,0x0000,0x0000,0x0000,0x0000,0x0000,0x0000,0x0000,0x0000,0x0000,
 0x0000,0x0000,0x0000,0x0000,0x0000,0x0000,0x0000,0x0000,0x0000,0x0000,0x0000,0x0000,
 0x0000,0x0000,0x0000,0x0000,0x0000,0x0000,0x0000,0x0000,0x0000,0x0000,0x0000,0x0000,
 0x0000,0x0000,0x0000,0x0000,0x0000,0x0000,0x0000,0x0000,0x0000,0x0000,0x0000,0x0000,
 0x0000,0x0000,0x0000,0x0000,0x0000,0x0000,0x0000,0x0000,0x0000,0x0000,0x0000,0x0000,
 0x0000,0x0000,0x0000,0x0000,0x0000,0x0000,0x0000,0x0000,0x0000,0x0000,0x0000,0x0000,
 0x0000,0x0000,0x0000,0x0000,0x0000,0x0000,0x0000,0x0000,0x0000,0x0000,0x0000,0x0000,
 0x0000,0x0000,0x0000,0x0000,0x0000,0x0000,0x0000,0x0000,0x0000,0x0000,0x0000,0x0000,
 0x0000,0x0000,0x0000,0x0000,0x0000,0x0000,0x0000,0x0000,0x0000,0x0000,0x0000,0x0000,
 0x0000,0x0000,0x0000,0x0000,0x0000,0x0000,0x0000,0x0000,0x0000,0x0000,0x0000,0x0000,
 0x0000,0x0000,0x0000,0x0000,0x0000,0x0000,0x0000,0x0000,0x0000,0x0000,0x0000,0x0000,
 0x0000,0x0000,0x0000,0x0000,0x0000,0x0000,0x0000,0x0000,0x0000,0x0000,0x0000,0x0000,
 0x0000,0x0000,0x0000,0x0000,0x0000,0x0000,0x0000,0x0000,0x0000,0x0000,0x0000,0x0000,
 0x0000,0x0000,0x0000,0x0000,0x0000,0x0000,0x0000,0x0000,0x0000,0x0000,0x0000,0x0000,
 0x0000,0x0000,0x0000,0x0000,0x0000,0x0000,0x0000,0x0000,0x0000,0x0000,0x0000,0x0000,
 0x0000,0x0000,0x0000,0x0000,0x0000,0x0000,0x0000,0x0000,0x0000,0x0000,0x0000,0x0000,
 0x0000,0x0000,0x0000,0x0000,0x0000,0x0000,0x0000,0x0000,0x0000,0x0000,0x0000,0x0000,
 0x0000,0x0000,0x0000,0x0000,0x0000,0x0000,0x0000,0x0000,0x0000,0x0000,0x0000,0x0000,
 0x0000,0x0000,0x0000,0x0000,0x0000,0x0000,0x0000,0x0000,0x0000,0x0000,0x0000,0x0000,
 0x0000,0x0000,0x0000,0x0000,0x0000,0x0000,0x0000,0x0000,0x0000,0x0000,0x0000,0x0000,
 0x0000,0x0000,0x0000,0x0000,0x0000,0x0000,0x0000,0x0000,0x0000,0x0000,0x0000,0x0000,
 0x0000,0x0000,0x0000,0x0000,0x0000,0x0000,0x0000,0x0000,0x0000,0x0000,0x0000,0x0000,
 0x0000,0x0000,0x0000,0x0000,0x0000,0x0000,0x0000,0x0000,0x0000,0x0000,0x0000,0x0000,
 0x0000,0x0000,0x0000,0x0000,0x0000,0x0000,0x0000,0x0000,0x0000,0x0000,0x0000,0x0000,
 0x0000,0x0000,0x0000,0x0000,0x0000,0x0000,0x0000,0x0000,0x0000,0x0000,0x0000,0x0000,
 0x0000,0x0000,0x0000,0x0000,0x0000,0x0000,0x0000,0x0000,0x0000,0x0000,0x0000,0x0000,
 0x0000,0x0000,0x0000,0x0000,0x0000,0x0000,0x0000,0x0000,0x0000,0x0000,0x0000,0x0000,
 0x0000,0x0000,0x0000,0x0000,0x0000,0x0000,0x0000,0x0000,0x0000,0x0000,0x0000,0x0000,
 0x0000,0x0000,0x0000,0x0000,0x0000,0x0000,0x0000,0x0000,0x0000,0x0000,0x0000,0x0000,
 0x0000,0x0000,0x0000,0x0000,0x0000,0x0000,0x0000,0x0000,0x0000,0x0000,0x0000,0x0000,
 0x0000,0x0000,0x0000,0x0000,0x0000,0x0000,0x0000,0x0000,0x0000,0x0000,0x0000,0x0000,
 0x0000,0x0000,0x0000,0x0000,0x0000,0x0000,0x0000,0x0000,0x0000,0x0000,0x0000,0x0000,
 0x0000,0x0000,0x0000,0x0000,0x0000,0x0000,0x0000,0x0000,0x0000,0x0000,0x0000,0x0000,
 0x0000,0x0000,0x0000,0x0000,0x0000,0x0000,0x0000,0x0000,0x0000,0x0000,0x0000,0x0000,
 0x0000,0x0000,0x0000,0x0000,0x0000,0x0000,0x0000,0x0000,0x0000,0x0000,0x0000,0x0000,
 0x0000,0x0000,0x0000,0x0000,0x0000,0x0000,0x0000,0x0000,0x0000,0x0000,0x0000,0x0000,
 0x0000,0x0000,0x0000,0x0000,0x0000,0x0000,0x0000,0x0000,0x0000,0x0000,0x0000,0x0000,
 0x0000,0x0000,0x0000,0x0000,0x0000,0x0000,0x0000,0x0000,0x0000,0x0000,0x0000,0x0000,
 0x0000,0x0000,0x0000,0x0000,0x0000,0x0000,0x0000,0x0000,0x0000,0x0000,0x0000,0x0000,
 0x0000,0x0000,0x0000,0x0000,0x0000,0x0000,0x0000,0x0000,0x0000,0x0000,0x0000,0x0000,
 0x0000,0x0000,0x0000,0x0000,0x0000,0x0000,0x0000,0x0000,0x0000,0x0000,0x0000,0x0000,
 0x0000,0x0000,0x0000,0x0000,0x0000,0x0000,0x0000,0x0000,0x0000,0x0000,0x0000,0x0000,
 0x0000,0x0000,0x0000,0x0000,0x0000,0x0000,0x0000,0x0000,0x0000,0x0000,0x0000,0x0000,
 0x0000,0x0000,0x0000,0x0000,0x0000,0x0000,0x0000,0x0000,0x0000,0x0000,0x0000,0x0000,
 0x0000,0x0000,0x0000,0x0000,0x0000,0x0000,0x0000,0x0000,0x0000,0x0000,0x0000,0x0000,
 0x0000,0x0000,0x0000,0x0000,0x0000,0x0000,0x0000,0x0000,0x0000,0x0000,0x0000,0x0000,
 0x0000,0x0000,0x0000,0x0000,0x0000,0x0000,0x0000,0x0000,0x0000,0x0000,0x0000,0x0000,
 0x0000,0x0000,0x0000,0x0000,0x0000,0x0000,0x0000,0x0000,0x0000,0x0000,0x0000,0x0000,
 0x0000,0x0000,0x0000,0x0000,0x0000,0x0000,0x0000,0x0000,0x0000,0x0000,0x0000,0x0000,
 0x0000,0x0000,0x0000,0x0000,0x0000,0x0000,0x0000,0x0000,0x0000,0x0000,0x0000,0x0000,
 0x0000,0x0000,0x0000,0x0000,0x0000,0x0000,0x0000,0x0000,0x0000,0x0000,0x0000,0x0000,
 0x0000,0x0000,0x0000,0x0000,0x0008,0x0000,0x0000,0x0000,0x0000,0x0000,0x0000,0x0000,
 0x1000,0x0000,0x0000,0x0000,0x0000,0x0000,0x0000,0x0000,0x0000,0x0000,0x0000,0x0000,
 0x0000,0x0000,0x0000,0x0000,0x0000,0x0000,0x0000,0x0000,0x0000,0x0000,0x0000,0x0000,
 0x0000,0x0000,0x0000,0x0000,0x0000,0x0000,0x0000,0x0000,0x0000,0x0000,0x0000,0x0000,
 0x0000,0x0000,0x0000,0x0000,0x0000,0x0000,0x0000,0x0000,0x0000,0x0000,0x0000,0x0000,
 0x0000,0x0000,0x0000,0x0000,0x0000,0x0000,0x0000,0x0000,0x0000,0x0000,0x0000,0x0000,
 0x0000,0x0000,0x0000,0x0000,0x0000,0x0000,0x0000,0x0000,0x0000,0x0000,0x0000,0x0000,
 0x0000,0x0800,0x0000,0x0000,0x0000,0x0000,0x0000,0x0000,0x0000,0x0000,0x0000,0x0000,
 0x0000,0x0000,0x0000,0x0000,0x0000,0x0000,0x0000,0x0000,0x0000,0x0000,0x0000,0x0000,
 0x0000,0x0000,0x0000,0x0000,0x0000,0x0000,0x0000,0x0000,0x0000,0x0000,0x0000,0x0000,
 0x0000,0x0000,0x0000,0x0000,0x0000,0x0000,0x0000,0x0000,0x0000,0x0000,0x0000,0x0000,
 0x0000,0x0000,0x0000,0x0000,0x0000,0x0000,0x0000,0x0000,0x0000,0x0000,0x0000,0x0000,
 0x0000,0x0000,0x0000,0x0000,0x0000,0x0000,0x0000,0x0000,0x0000,0x0000,0x0000,0x0000,
 0x0000,0x0000,0x0000,0x0000,0x0000,0x0000,0x0000,0x0000,0x0000,0x0000,0x0000,0x0000,
 0x0000,0x0000,0x0000,0x0000,0x0000,0x0000,0x0000,0x0000,0x0000,0x0000,0x0000,0x0000,
 0x0000,0x0000,0x0000,0x0000,0x0000,0x0000,0x0000,0x0000,0x0000,0x0000,0x0000,0x0000,
 0x0000,0x0000,0x0000,0x0000,0x0000,0x0000,0x0000,0x0000,0x0000,0x0000,0x0000,0x0000,
 0x0000,0x0000,0x0000,0x0000,0x0000,0x0000,0x0000,0x0000,0x0000,0x0000,0x0000,0x0000,
 0x0000,0x0000,0x0000,0x0000,0x0000,0x0000,0x0000,0x0000,0x0000,0x0000,0x0000,0x0000,
 0x0000,0x0000,0x0000,0x0000,0x0000,0x0000,0x0000,0x0000,0x0000,0x0000,0x0000,0x0000,
 0x0000,0x0000,0x0000,0x1000,0x0000,0x0000,0x0000,0x0000,0x0000,0x0000,0x0000,0x0000,
 0x0000,0x0000,0x0000,0x0000,0x0000,0x0000,0x0000,0x0000,0x0000,0x0000,0x0000,0x0000,
 0x0000,0x0000,0x0000,0x0000,0x0000,0x0000,0x0000,0x0000,0x0000,0x0000,0x0000,0x0000,
 0x0000,0x0000,0x0000,0x0000,0x0000,0x0000,0x0000,0x0000,0x0000,0x0000,0x0000,0x0000,
 0x0000,0x0000,0x0000,0x0000,0x0000,0x0000,0x0000,0x0000,0x0000,0x0000,0x0000,0x0000,
 0x0000,0x0000,0x0000,0x0000,0x0000,0x0000,0x0000,0x0000,0x0000,0x0000,0x0000,0x0000,
 0x0000,0x0000,0x0000,0x0000,0x0000,0x0000,0x0000,0x0000,0x0000,0x0000,0x0000,0x0000,
 0x0000,0x0000,0x0000,0x0000,0x0000,0x0000,0x0000,0x0000,0x0000,0x0000,0x0000,0x0000,
 0x0000,0x0000,0x0000,0x0000,0x0000,0x0000,0x0400,0x0000,0x0000,0x0000,0x0000,0x0000,
 0x0000,0x0000,0x0000,0x0000,0x0000,0x0000,0x0000,0x0000,0x0000,0x0000,0x0000,0x0000,
 0x0000,0x0000,0x0000,0x0000,0x0000,0x0000,0x0000,0x0000,0x0000,0x0000,0x0000,0x0000,
 0x0000,0x0000,0x0000,0x0000,0x0000,0x0000,0x0000,0x0000,0x0000,0x0000,0x0000,0x0000,
 0x0000,0x0000,0x0000,0x0000,0x0000,0x0000,0x0000,0x0000,0x0000,0x0000,0x0000,0x0000,
 0x0000,0x0000,0x0000,0x0000,0x0000,0x0000,0x0000,0x0000,0x0000,0x0000,0x0000,0x0000,
 0x0000,0x0000,0x0000,0x0000,0x0000,0x0000,0x0000,0x0000,0x0000,0x0000,0x0000,0x0000,
 0x0000,0x0000,0x0000,0x0000,0x0000,0x0000,0x0000,0x0000,0x0000,0x0000,0x0000,0x0000,
 0x0000,0x0000,0x0000,0x0000,0x0000,0x0000,0x0000,0x0000,0x0000,0x0000,0x0000,0x0000,
 0x0000,0x0000,0x0000,0x0000,0x0000,0x0000,0x0000,0x0000,0x0000,0x0000,0x0000,0x0000,
 0x0000,0x0000,0x0000,0x0000,0x0000,0x0000,0x0000,0x0000,0x0000,0x0000,0x0000,0x0000,
 0x0000,0x0000,0x0000,0x0000,0x0000,0x0000,0x0000,0x0000,0x0000,0x0000,0x0000,0x0000,
 0x0000,0x0000,0x0000,0x0000,0x0000,0x0000,0x0000,0x0000,0x0000,0x0000,0x0000,0x0000,
 0x0000,0x0000,0x0000,0x0000,0x0000,0x0000,0x0000,0x0000,0x0000,0x0000,0x0000,0x0000,
 0x0000,0x0000,0x0000,0x0000,0x0000,0x0000,0x0000,0x0000,0x0000,0x0000,0x0000,0x0000,
 0x0008,0x0000,0x0000,0x0000,0x0000,0x0000,0x0000,0x0000,0x1000,0x0000,0x0000,0x0000,
 0x0000,0x0000,0x0000,0x0000,0x0000,0x0000,0x0000,0x0000,0x0000,0x0000,0x0000,0x0000,
 0x0000,0x0000,0x0000,0x0000,0x0000,0x0000,0x0000,0x0000,0x0000,0x0000,0x0000,0x0000,
 0x0000,0x0000,0x0000,0x0000,0x0000,0x0000,0x0000,0x0000,0x0000,0x0000,0x0000,0x0000,
 0x0000,0x0000,0x0000,0x0000,0x0000,0x0000,0x0000,0x0000,0x0000,0x0000,0x0000,0x0000,
 0x0000,0x0000,0x0000,0x0000,0x0000,0x0000,0x0000,0x0000,0x0000,0x0000,0x0000,0x0000,
 0x0000,0x0000,0x0000,0x0000,0x0000,0x0000,0x0000,0x0000,0x0000,0x0800,0x0000,0x0000,
 0x0000,0x0000,0x0000,0x0000,0x0000,0x0000,0x0000,0x0000,0x0000,0x0000,0x0000,0x0000,
 0x0000,0x0000,0x0000,0x0000,0x0000,0x0000,0x0000,0x0000,0x0000,0x0000,0x0000,0x0000,
 0x0000,0x0000,0x0000,0x0000,0x0000,0x0000,0x0000,0x0000,0x0000,0x0000,0x0000,0x0000,
 0x0000,0x0000,0x0000,0x0000,0x0000,0x0000,0x0000,0x0000,0x0000,0x0000,0x0000,0x0000,
 0x0000,0x0000,0x0000,0x0000,0x0000,0x0000,0x0000,0x0000,0x0000,0x0000,0x0000,0x0000,
 0x0000,0x0000,0x0000,0x0000,0x0000,0x0000,0x0000,0x0000,0x0000,0x0000,0x0000,0x0000,
 0x0000,0x0000,0x0000,0x0000,0x0000,0x0000,0x0000,0x0000,0x0000,0x0000,0x0000,0x0000,
 0x0000,0x0000,0x0000,0x0000,0x0000,0x0000,0x0000,0x0000,0x0000,0x0000,0x0000,0x0000,
 0x0000,0x0000,0x0000,0x0000,0x0000,0x0000,0x0000,0x0000,0x0000,0x0000,0x0000,0x0000,
 0x0000,0x0000,0x0000,0x0000,0x0000,0x0000,0x0000,0x0000,0x0000,0x0000,0x0000,0x0000,
 0x0000,0x0000,0x0000,0x0000,0x0000,0x0000,0x0000,0x0000,0x0000,0x0000,0x0000,0x0000,
 0x0000,0x0000,0x0000,0x0000,0x0000,0x0000,0x0000,0x0000,0x0000,0x0000,0x0000,0x0000,
 0x0000,0x0000,0x0000,0x0000,0x0000,0x0000,0x0000,0x0000,0x0000,0x0000,0x0000,0x1000,
 0x0000,0x0000,0x0000,0x0000,0x0000,0x0000,0x0000,0x0000,0x0000,0x0000,0x0000,0x0000,
 0x0000,0x0000,0x0000,0x0000,0x0000,0x0000,0x0000,0x0000,0x0000,0x0000,0x0000,0x0000,
 0x0000,0x0000,0x0000,0x0000,0x0000,0x0000,0x0000,0x0000,0x0000,0x0000,0x0000,0x0000,
 0x0000,0x0000,0x0000,0x0000,0x0000,0x0000,0x0000,0x0000,0x0000,0x0000,0x0000,0x0000,
 0x0000,0x0000,0x0000,0x0000,0x0000,0x0000,0x0000,0x0000,0x0000,0x0000,0x0000,0x0000,
 0x0000,0x0000,0x0000,0x0000,0x0000,0x0000,0x0000,0x0000,0x0000,0x0000,0x0000,0x0000,
 0x0000,0x0000,0x0000,0x0000,0x0000,0x0000,0x0000,0x0000,0x0000,0x0000,0x0000,0x0000,
 0x0000,0x0000,0x0000,0x0000,0x0000,0x0000,0x0000,0x0000,0x0000,0x0000,0x0000,0x0000,
 0x0000,0x0000,0x0400,0x0000,0x0000,0x0000,0x0000,0x0000,0x0000,0x0000,0x0000,0x0000,
 0x0000,0x0000,0x0000,0x0000,0x0000,0x0000,0x0000,0x0000,0x0000,0x0000,0x0000,0x0000,
 0x0000,0x0000,0x0000,0x0000,0x0000,0x0000,0x0000,0x0000,0x0000,0x0000,0x0000,0x0000,
 0x0000,0x0000,0x0000,0x0000,0x0000,0x0000,0x0000,0x0000,0x0000,0x0000,0x0000,0x0000,
 0x0000,0x0000,0x0000,0x0000,0x0000,0x0000,0x0000,0x0000,0x0000,0x0000,0x0000,0x0000,
 0x0000,0x0000,0x0000,0x0000,0x0000,0x0000,0x0000,0x0000,0x0000,0x0000,0x0000,0x0000,
 0x0000,0x0000,0x0000,0x0000,0x0000,0x0000,0x0000,0x0000,0x0000,0x0000,0x0000,0x0000,
 0x0000,0x0000,0x0000,0x0000,0x0000,0x0000,0x0000,0x0000,0x0000,0x0000,0x0000,0x0000,
 0x0000,0x0000,0x0000,0x0000,0x0000,0x0000,0x0000,0x0000,0x0000,0x0000,0x0000,0x0000,
 0x0000,0x0000,0x0000,0x0000,0x0000,0x0000,0x0000,0x0000,0x0000,0x0000,0x0000,0x0000,
 0x0000,0x0000,0x0000,0x0000,0x0000,0x0000,0x0000,0x0000,0x0000,0x0000,0x0000,0x0000,
 0x0000,0x0000,0x0000,0x0000,0x0000,0x0000,0x0000,0x0000,0x0000,0x0000,0x0000,0x0000,
 0x0000,0x0000,0x0000,0x0000,0x0000,0x0000,0x0000,0x0000,0x0000,0x0000,0x0000,0x0000,
 0x0000,0x0000,0x0000,0x0000,0x0000,0x0000,0x0000,0x0000,0x0000,0x0000,0x0000,0x0000,
 0x0000,0x0000,0x0000,0x0000,0x0000,0x0000,0x0000,0x0000,0x0008,0x0000,0x0000,0x0000,
 0x0000,0x0000,0x0000,0x0000,0x1000,0x0000,0x0000,0x0000,0x0000,0x0000,0x0000,0x0000,
 0x0000,0x0000,0x0000,0x0000,0x0000,0x0000,0x0000,0x0000,0x0000,0x0000,0x0000,0x0000,
 0x0000,0x0000,0x0000,0x0000,0x0000,0x0000,0x0000,0x0000,0x0000,0x0000,0x0000,0x0000,
 0x0000,0x0000,0x0000,0x0000,0x0000,0x0000,0x0000,0x0000,0x0000,0x0000,0x0000,0x0000,
 0x0000,0x0000,0x0000,0x0000,0x0000,0x0000,0x0000,0x0000,0x0000,0x0000,0x0000,0x0000,
 0x0000,0x0000,0x0000,0x0000,0x0000,0x0000,0x0000,0x0000,0x0000,0x0000,0x0000,0x0000,
 0x0000,0x0000,0x0000,0x0000,0x0000,0x0800,0x0000,0x0000,0x0000,0x0000,0x0000,0x0000,
 0x0000,0x0000,0x0000,0x0000,0x0000,0x0000,0x0000,0x0000,0x0000,0x0000,0x0000,0x0000,
 0x0000,0x0000,0x0000,0x0000,0x0000,0x0000,0x0000,0x0000,0x0000,0x0000,0x0000,0x0000,
 0x0000,0x0000,0x0000,0x0000,0x0000,0x0000,0x0000,0x0000,0x0000,0x0000,0x0000,0x0000,
 0x0000,0x0000,0x0000,0x0000,0x0000,0x0000,0x0000,0x0000,0x0000,0x0000,0x0000,0x0000,
 0x0000,0x0000,0x0000,0x0000,0x0000,0x0000,0x0000,0x0000,0x0000,0x0000,0x0000,0x0000,
 0x0000,0x0000,0x0000,0x0000,0x0000,0x0000,0x0000,0x0000,0x0000,0x0000,0x0000,0x0000,
 0x0000,0x0000,0x0000,0x0000,0x0000,0x0000,0x0000,0x0000,0x0000,0x0000,0x0000,0x0000,
 0x0000,0x0000,0x0000,0x0000,0x0000,0x0000,0x0000,0x0000,0x0000,0x0000,0x0000,0x0000,
 0x0000,0x0000,0x0000,0x0000,0x0000,0x0000,0x0000,0x0000,0x0000,0x0000,0x0000,0x0000,
 0x0000,0x0000,0x0000,0x0000,0x0000,0x0000,0x0000,0x0000,0x0000,0x0000,0x0000,0x0000,
 0x0000,0x0000,0x0000,0x0000,0x0000,0x0000,0x0000,0x0000,0x0000,0x0000,0x0000,0x0000,
 0x0000,0x0000,0x0000,0x0000,0x0000,0x0000,0x0000,0x0000,0x0000,0x0000,0x0000,0x0000,
 0x0000,0x0000,0x0000,0x0000,0x0000,0x0000,0x0000,0x1000,0x0000,0x0000,0x0000,0x0000,
 0x0000,0x0000,0x0000,0x0000,0x0000,0x0000,0x0000,0x0000,0x0000,0x0000,0x0000,0x0000,
 0x0000,0x0000,0x0000,0x0000,0x0000,0x0000,0x0000,0x0000,0x0000,0x0000,0x0000,0x0000,
 0x0000,0x0000,0x0000,0x0000,0x0000,0x0000,0x0000,0x0000,0x0000,0x0000,0x0000,0x0000,
 0x0000,0x0000,0x0000,0x0000,0x0000,0x0000,0x0000,0x0000,0x0000,0x0000,0x0000,0x0000,
 0x0000,0x0000,0x0000,0x0000,0x0000,0x0000,0x0000,0x0000,0x0000,0x0000,0x0000,0x0000,
 0x0000,0x0000,0x0000,0x0000,0x0000,0x0000,0x0000,0x0000,0x0000,0x0000,0x0000,0x0000,
 0x0000,0x0000,0x0000,0x0000,0x0000,0x0000,0x0000,0x0000,0x0000,0x0000,0x0000,0x0000,
 0x0000,0x0000,0x0000,0x0000,0x0000,0x0000,0x0000,0x0000,0x0000,0x0000,0x0400,0x0000,
 0x0000,0x0000,0x0000,0x0000,0x0000,0x0000,0x0000,0x0000,0x0000,0x0000,0x0000,0x0000,
 0x0000,0x0000,0x0000,0x0000,0x0000,0x0000,0x0000,0x0000,0x0000,0x0000,0x0000,0x0000,
 0x0000,0x0000,0x0000,0x0000,0x0000,0x0000,0x0000,0x0000,0x0000,0x0000,0x0000,0x0000,
 0x0000,0x0000,0x0000,0x0000,0x0000,0x0000,0x0000,0x0000,0x0000,0x0000,0x0000,0x0000,
 0x0000,0x0000,0x0000,0x0000,0x0000,0x0000,0x0000,0x0000,0x0000,0x0000,0x0000,0x0000,
 0x0000,0x0000,0x0000,0x0000,0x0000,0x0000,0x0000,0x0000,0x0000,0x0000,0x0000,0x0000,
 0x0000,0x0000,0x0000,0x0000,0x0000,0x0000,0x0000,0x0000,0x0000,0x0000,0x0000,0x0000,
 0x0000,0x0000,0x0000,0x0000,0x0000,0x0000,0x0000,0x0000,0x0000,0x0000,0x0000,0x0000,
 0x0000,0x0000,0x0000,0x0000,0x0000,0x0000,0x0000,0x0000,0x0000,0x0000,0x0000,0x0000,
 0x0000,0x0000,0x0000,0x0000,0x0000,0x0000,0x0000,0x0000,0x0000,0x0000,0x0000,0x0000,
 0x0000,0x0000,0x0000,0x0000,0x0000,0x0000,0x0000,0x0000,0x0000,0x0000,0x0000,0x0000,
 0x0000,0x0000,0x0000,0x0000,0x0000,0x0000,0x0000,0x0000,0x0000,0x0000,0x0000,0x0000,
 0x0000,0x0000,0x0000,0x0000,0x0000,0x0000,0x0000,0x0000,0x0000,0x0000,0x0000,0x0000,
 0x0000,0x0000,0x0000,0x0000,0x0000,0x0000,0x0000,0x0000,0x0000,0x0000,0x0000,0x0000,
 0x0000,0x0000,0x0000,0x0000,0x0000,0x0000,0x0000,0x0000,0x0000,0x0000,0x0000,0x0000,
 0x0000,0x0000,0x0000,0x0000,0x0000,0x0000,0x0000,0x0000,0x0000,0x0000,0x0000,0x0000,
 0x0000,0x0000,0x0000,0x0000,0x0000,0x0000,0x0000,0x0000,0x0000,0x0000,0x0000,0x0000,
 0x0000,0x0000,0x0000,0x0000,0x0000,0x0000,0x0000,0x0000,0x0000,0x0000,0x0000,0x0000,
 0x0000,0x0000,0x0000,0x0000,0x0000,0x0000,0x0000,0x0000,0x0000,0x0000,0x0000,0x0000,
 0x0000,0x0000,0x0000,0x0000,0x0000,0x0000,0x0000,0x0000,0x0000,0x0000,0x0000,0x0000,
 0x0000,0x0000,0x0000,0x0000,0x0000,0x0000,0x0000,0x0000,0x0000,0x0000,0x0000,0x0000,
 0x0000,0x0000,0x0000,0x0000,0x0000,0x0000,0x0000,0x0000,0x0000,0x0000,0x0000,0x0000,
 0x0000,0x0000,0x0000,0x0000,0x0000,0x0000,0x0000,0x0000,0x0000,0x0000,0x0000,0x0000,
 0x0000,0x0000,0x0000,0x0000,0x0000,0x0000,0x0000,0x0000,0x0000,0x0000,0x0000,0x0000,
 0x0000,0x0000,0x0000,0x0000,0x0000,0x0000,0x0000,0x0000,0x0000,0x0000,0x0000,0x0000,
 0x0000,0x0000,0x0000,0x0000,0x0000,0x0000,0x0000,0x0000,0x0000,0x0000,0x0000,0x0000,
 0x0000,0x0000,0x0000,0x0000,0x0000,0x0000,0x0000,0x0000,0x0000,0x0000,0x0000,0x0000,
 0x0000,0x0000,0x0000,0x0000,0x0000,0x0000,0x0000,0x0000,0x0000,0x0000,0x0000,0x0000,
 0x0000,0x0000,0x0000,0x0000,0x0000,0x0000,0x0000,0x0000,0x0000,0x0000,0x0000,0x0000,
 0x0000,0x0000,0x0000,0x0000,0x0000,0x0000,0x0000,0x0000,0x0000,0x0000,0x0000,0x0000,
 0x0000,0x0000,0x0000,0x0000,0x0000,0x0000,0x0000,0x0000,0x0000,0x0000,0x0000,0x0000,
 0x0000,0x0000,0x0000,0x0000,0x0000,0x0000,0x0000,0x0000,0x0000,0x0000,0x0000,0x0000,
 0x0000,0x0000,0x0000,0x0000,0x0000,0x0000,0x0000,0x0000,0x0000,0x0000,0x0000,0x0000,
 0x0000,0x0000,0x0000,0x0000,0x0000,0x0000,0x0000,0x0000,0x0000,0x0000,0x0000,0x0000,
 0x0000,0x0000,0x0000,0x0000,0x0000,0x0000,0x0000,0x0000,0x0000,0x0000,0x0000,0x0000,
 0x0000,0x0000,0x0000,0x0000,0x0000,0x0000,0x0000,0x0000,0x0000,0x0000,0x0000,0x0000,
 0x0000,0x0000,0x0000,0x0000,0x0000,0x0000,0x0000,0x0000,0x0000,0x0000,0x0000,0x0000,
 0x0000,0x0000,0x0000,0x0000,0x0000,0x0000,0x0000,0x0000,0x0000,0x0000,0x0000,0x0000,
 0x0000,0x0000,0x0000,0x0000,0x0000,0x0000,0x0000,0x0000,0x0000,0x0000,0x0000,0x0000,
 0x0000,0x0000,0x0000,0x0000,0x0000,0x0000,0x0000,0x0000,0x0000,0x0000,0x0000,0x0000,
 0x0000,0x0000,0x0000,0x0000,0x0000,0x0000,0x0000,0x0000,0x0000,0x0000,0x0000,0x0000,
 0x0000,0x0000,0x0000,0x0000,0x0000,0x0000,0x0000,0x0000,0x0000,0x0000,0x0000,0x0000,
 0x0000,0x0000,0x0000,0x0000,0x0000,0x0000,0x0000,0x0000,0x0000,0x0000,0x0000,0x0000,
 0x0000,0x0000,0x0000,0x0000,0x0000,0x0000,0x0000,0x0000,0x0000,0x0000,0x0000,0x0000,
 0x0000,0x0000,0x0000,0x0000,0x0000,0x0000,0x0000,0x0000,0x0000,0x0000,0x0000,0x0000,
 0x0000,0x0000,0x0000,0x0000,0x0000,0x0000,0x0000,0x0000,0x0000,0x0000,0x0000,0x0000,
 0x0000,0x0000,0x0000,0x0000,0x0000,0x0000,0x0000,0x0000,0x0000,0x0000,0x0000,0x0000,
 0x0000,0x0000,0x0000,0x0000,0x0000,0x0000,0x0000,0x0000,0x0000,0x0000,0x0000,0x0000,
 0x0000,0x0000,0x0000,0x0000,0x0000,0x0000,0x0000,0x0000,0x0000,0x0000,0x0000,0x0000,
 0x0000,0x0000,0x0000,0x0000,0x0000,0x0000,0x0000,0x0000,0x0000,0x0000,0x0000,0x0000,
 0x0000,0x0000,0x0000,0x0000,0x0000,0x0000,0x0000,0x0000,0x0000,0x0000,0x0000,0x0000,
 0x0000,0x0000,0x0000,0x0000,0x0000,0x0000,0x0000,0x0000,0x0000,0x0000,0x0000,0x0000,
 0x0000,0x0000,0x0000,0x0000,0x0000,0x0000,0x0000,0x0000,0x0000,0x0000,0x0000,0x0000,
 0x0000,0x0000,0x0000,0x0000,0x0000,0x0000,0x0000,0x0000,0x0000,0x0000,0x0000,0x0000,
 0x0000,0x0000,0x0000,0x0000,0x0000,0x0000,0x0000,0x0000,0x0000,0x0000,0x0000,0x0000,
 0x0000,0x0000,0x0000,0x0000,0x0000,0x0000,0x0000,0x0000,0x0000,0x0000,0x0000,0x0000,
 0x0000,0x0000,0x0000,0x0000,0x0000,0x0000,0x0000,0x0000,0x0000,0x0000,0x0000,0x0000,
 0x0000,0x0000,0x0000,0x0000,0x0000,0x0000,0x0000,0x0000,0x0000,0x0000,0x0000,0x0000,
 0x0000,0x0000,0x0000,0x0000,0x0000,0x0000,0x0000,0x0000,0x0000,0x0000,0x0000,0x0000,
 0x0000,0x0000,0x0000,0x0000,0x0000,0x0000,0x0000,0x0000,0x0000,0x0000,0x0000,0x0000,
 0x0000,0x0000,0x0000,0x0000,0x0000,0x0000,0x0000,0x0000,0x0000,0x0000,0x0000,0x0000,
 0x0000,0x0000,0x0000,0x0000,0x0000,0x0000,0x0000,0x0000,0x0000,0x0000,0x0000,0x0000,
 0x0000,0x0000,0x0000,0x0000,0x0000,0x0000,0x0000,0x0000,0x0000,0x0000,0x0000,0x0000,
 0x0000,0x0000,0x0000,0x0000,0x0000,0x0000,0x0000,0x0000,0x0000,0x0000,0x0000,0x0000,
 0x0000,0x0000,0x0000,0x0000,0x0000,0x0000,0x0000,0x0000,0x0000,0x0000,0x0000,0x0000,
 0x0000,0x0000,0x0000,0x0000,0x0000,0x0000,0x0000,0x0000,0x0000,0x0000,0x0000,0x0000,
 0x0000,0x0000,0x0000,0x0000,0x0000,0x0000,0x0000,0x0000,0x0000,0x0000,0x0000,0x0000,
 0x0000,0x0000,0x0000,0x0000,0x0000,0x0000,0x0000,0x0000,0x0000,0x0000,0x0000,0x0000,
 0x0000,0x0000,0x0000,0x0000,0x0000,0x0000,0x0000,0x0000,0x0000,0x0000,0x0000,0x0000,
 0x0000,0x0000,0x0000,0x0000,0x0000,0x0000,0x0000,0x0000,0x0000,0x0000,0x0000,0x0000,
 0x0000,0x0000,0x0000,0x0000,0x0000,0x0000,0x0000,0x0000,0x0000,0x0000,0x0000,0x0000,
 0x0000,0x0000,0x0000,0x0000,0x0000,0x0000,0x0000,0x0000,0x0000,0x0000,0x0000,0x0000,
 0x0000,0x0000,0x0000,0x0000,0x0000,0x0000,0x0000,0x0000,0x0000,0x0000,0x0000,0x0000,
 0x0000,0x0000,0x0000,0x0000,0x0000,0x0000,0x0000,0x0000,0x0000,0x0000,0x0000,0x0000,
 0x0000,0x0000,0x0000,0x0000,0x0000,0x0000,0x0000,0x0000,0x0000,0x0000,0x0000,0x0000,
 0x0000,0x0000,0x0000,0x0000,0x0000,0x0000,0x0000,0x0000,0x0000,0x0000,0x0000,0x0000,
 0x0000,0x0000,0x0000,0x0000,0x0000,0x0000,0x0000,0x0000,0x0000,0x0000,0x0000,0x0000,
 0x0000,0x0000,0x0000,0x0000,0x0000,0x0000,0x0000,0x0000,0x0000,0x0000,0x0000,0x0000,
 0x0000,0x0000,0x0000,0x0000,0x0000,0x0000,0x0000,0x0000,0x0000,0x0000,0x0000,0x0000,
 0x0000,0x0000,0x0000,0x0000,0x0000,0x0000,0x0000,0x0000,0x0000,0x0000,0x0000,0x0000,
 0x0000,0x0000,0x0000,0x0000,0x0000,0x0000,0x0000,0x0000,0x0000,0x0000,0x0000,0x0000,
 0x0000,0x0000,0x0000,0x0000,0x0000,0x0000,0x0000,0x0000,0x0000,0x0000,0x0000,0x0000,
 0x0000,0x0000,0x0000,0x0000,0x0000,0x0000,0x0000,0x0000,0x0000,0x0000,0x0000,0x0000,
 0x0000,0x0000,0x0000,0x0000,0x0000,0x0000,0x0000,0x0000,0x0000,0x0000,0x0000,0x0000,
 0x0000,0x0000,0x0000,0x0000,0x0000,0x0000,0x0000,0x0000,0x0000,0x0000,0x0000,0x0000,
 0x0000,0x0000,0x0000,0x0000,
};
#endif
